ds,is_holiday,A_positive,B_positive,O_positive,AB_positive,A_negative,B_negative,O_negative,AB_negative
2022-01-01,0,26,19,30,6,5,3,10,2
2022-01-02,0,25,18,31,5,4,3,10,2
2022-01-03,0,19,15,25,5,3,2,8,2
2022-01-04,0,15,12,19,4,3,2,6,1
2022-01-05,0,16,11,19,3,2,1,5,1
2022-01-06,0,18,13,21,4,3,2,6,1
2022-01-07,0,24,17,29,5,4,3,9,2
2022-01-08,0,28,20,32,6,5,4,10,2
2022-01-09,0,27,20,32,6,5,3,9,2
2022-01-10,0,22,17,28,5,4,3,8,2
2022-01-11,0,17,12,22,3,3,2,7,1
2022-01-12,0,15,12,21,3,3,2,6,1
2022-01-13,0,19,15,23,4,3,2,7,1
2022-01-14,0,24,17,31,6,4,3,9,2
2022-01-15,0,26,21,35,7,5,4,11,2
2022-01-16,0,26,20,33,6,5,3,10,2
2022-01-17,0,22,17,27,5,4,3,8,2
2022-01-18,0,17,12,24,3,3,2,7,1
2022-01-19,0,16,11,22,4,3,2,5,1
2022-01-20,0,20,15,26,4,4,2,7,2
2022-01-21,0,26,19,31,6,4,3,11,2
2022-01-22,0,28,22,36,7,5,4,11,2
2022-01-23,0,29,21,35,6,5,4,11,2
2022-01-24,0,20,17,28,5,4,3,9,2
2022-01-25,0,20,14,24,4,3,2,6,1
2022-01-26,0,19,13,21,4,3,2,7,1
2022-01-27,0,22,17,26,5,4,3,8,2
2022-01-28,0,24,20,30,6,5,3,10,2
2022-01-29,0,30,22,36,7,6,4,12,3
2022-01-30,0,28,21,38,6,5,4,11,2
2022-01-31,0,21,18,31,6,5,3,9,2
2022-02-01,0,21,13,26,4,3,2,7,1
2022-02-02,1,30,21,35,7,5,4,11,2
2022-02-03,0,20,16,27,5,4,3,8,2
2022-02-04,0,27,20,35,6,5,4,10,2
2022-02-05,0,32,23,39,8,6,4,12,2
2022-02-06,0,30,21,37,7,6,4,11,3
2022-02-07,0,25,19,33,5,5,3,10,2
2022-02-08,0,17,15,24,5,4,3,8,2
2022-02-09,0,20,14,24,4,4,3,8,1
2022-02-10,0,22,17,26,5,4,3,8,2
2022-02-11,0,29,20,33,7,5,4,11,2
2022-02-12,0,31,23,40,7,6,4,12,3
2022-02-13,0,30,24,36,7,6,4,11,3
2022-02-14,0,26,18,33,6,5,4,10,2
2022-02-15,0,21,15,28,5,4,3,8,2
2022-02-16,0,20,16,25,5,4,3,8,2
2022-02-17,0,23,17,30,6,4,3,9,2
2022-02-18,0,27,22,37,7,5,4,12,2
2022-02-19,1,42,29,51,10,8,6,16,4
2022-02-20,0,30,23,38,7,6,4,12,3
2022-02-21,1,36,26,44,8,7,5,15,3
2022-02-22,0,22,16,26,5,4,3,9,2
2022-02-23,0,18,15,27,5,4,3,8,2
2022-02-24,0,22,19,29,6,4,3,9,2
2022-02-25,0,29,22,36,7,6,4,11,2
2022-02-26,0,33,24,39,7,6,4,13,3
2022-02-27,0,32,22,41,7,6,4,12,3
2022-02-28,0,25,20,33,6,5,4,11,2
2022-03-01,0,23,17,30,5,4,3,9,2
2022-03-02,0,21,16,26,5,4,3,8,2
2022-03-03,0,23,18,29,6,4,3,10,2
2022-03-04,0,29,22,37,7,5,4,12,2
2022-03-05,1,44,32,52,10,8,6,17,4
2022-03-06,0,32,24,41,8,6,4,12,3
2022-03-07,0,27,21,34,6,5,4,10,2
2022-03-08,0,23,16,29,5,4,3,9,2
2022-03-09,0,22,16,27,5,4,2,8,2
2022-03-10,0,25,18,30,6,4,3,9,2
2022-03-11,0,30,22,37,7,6,4,12,3
2022-03-12,0,35,25,43,8,6,5,13,3
2022-03-13,0,32,24,40,8,6,4,13,3
2022-03-14,0,28,21,34,6,5,4,11,2
2022-03-15,0,23,16,29,5,4,3,9,2
2022-03-16,0,21,16,27,5,4,3,8,2
2022-03-17,0,25,20,31,6,4,3,9,2
2022-03-18,1,41,30,51,10,8,6,16,4
2022-03-19,0,35,25,41,8,6,4,13,3
2022-03-20,1,43,33,52,10,8,6,16,4
2022-03-21,0,26,21,37,6,5,4,11,2
2022-03-22,0,24,18,29,6,4,3,9,2
2022-03-23,0,25,17,27,5,5,3,9,2
2022-03-24,0,26,17,30,6,5,3,10,2
2022-03-25,0,29,23,40,7,6,4,12,3
2022-03-26,0,34,26,41,8,6,5,14,3
2022-03-27,0,33,26,41,8,6,4,13,3
2022-03-28,0,28,21,33,7,5,4,11,2
2022-03-29,0,24,17,30,6,4,3,9,2
2022-03-30,0,24,16,29,5,4,3,9,2
2022-03-31,0,26,20,33,6,5,4,10,2
2022-04-01,0,31,23,37,7,6,4,12,3
2022-04-02,0,35,25,44,8,7,5,14,3
2022-04-03,0,31,25,40,8,6,5,13,3
2022-04-04,0,27,19,34,6,5,4,11,2
2022-04-05,0,23,19,29,6,4,3,9,2
2022-04-06,0,22,16,28,5,4,3,9,2
2022-04-07,0,26,19,31,6,5,3,10,2
2022-04-08,0,31,22,40,7,6,4,12,3
2022-04-09,0,33,25,45,8,6,5,13,3
2022-04-10,0,34,25,39,8,6,5,13,3
2022-04-11,0,28,20,34,6,5,4,11,2
2022-04-12,0,24,18,30,5,4,3,9,2
2022-04-13,0,23,16,27,5,4,3,9,2
2022-04-14,0,26,19,32,6,5,3,9,2
2022-04-15,0,31,23,40,7,6,4,11,3
2022-04-16,0,35,26,43,8,7,5,13,3
2022-04-17,0,33,24,42,8,6,4,13,3
2022-04-18,0,29,21,37,6,6,4,11,2
2022-04-19,0,24,16,27,5,4,3,10,2
2022-04-20,0,24,17,30,5,4,3,9,2
2022-04-21,0,26,20,31,6,5,4,10,2
2022-04-22,0,31,21,39,7,6,4,12,2
2022-04-23,0,35,25,41,8,6,5,13,3
2022-04-24,0,33,24,40,7,6,4,12,3
2022-04-25,0,27,21,36,6,5,4,11,2
2022-04-26,0,22,18,26,5,4,3,9,2
2022-04-27,0,21,16,29,5,4,3,8,2
2022-04-28,0,24,18,33,6,5,3,10,2
2022-04-29,0,30,23,38,7,5,4,12,2
2022-04-30,0,33,25,42,8,6,5,13,3
2022-05-01,0,32,24,39,8,6,5,13,3
2022-05-02,0,27,20,35,7,5,3,10,2
2022-05-03,0,23,18,29,5,4,3,9,2
2022-05-04,0,22,15,26,5,4,3,8,2
2022-05-05,0,24,18,30,6,4,3,10,2
2022-05-06,0,30,23,37,7,5,4,11,3
2022-05-07,0,34,23,41,8,6,5,13,3
2022-05-08,0,32,24,38,7,6,4,12,3
2022-05-09,0,26,20,35,7,5,3,11,2
2022-05-10,0,21,15,27,5,4,3,8,2
2022-05-11,0,21,15,26,5,4,3,8,2
2022-05-12,0,23,18,29,6,5,3,9,2
2022-05-13,0,28,22,37,7,5,4,11,3
2022-05-14,0,32,24,41,8,6,4,12,3
2022-05-15,0,31,24,40,7,6,4,12,3
2022-05-16,0,26,20,34,6,5,3,10,2
2022-05-17,0,23,17,27,5,4,3,9,2
2022-05-18,0,20,15,24,4,4,3,8,1
2022-05-19,0,22,17,30,5,4,3,8,2
2022-05-20,0,28,22,35,7,6,4,11,2
2022-05-21,0,32,23,39,8,6,4,12,3
2022-05-22,0,31,23,38,7,6,4,12,2
2022-05-23,0,26,17,32,6,5,3,10,2
2022-05-24,0,20,17,26,5,4,3,9,2
2022-05-25,0,20,15,27,4,3,3,8,2
2022-05-26,0,24,17,27,5,4,3,8,2
2022-05-27,0,27,20,34,7,5,4,11,2
2022-05-28,0,31,22,41,7,6,4,12,3
2022-05-29,0,32,23,37,7,5,4,12,2
2022-05-30,0,24,19,31,6,5,3,9,2
2022-05-31,0,18,15,27,4,4,3,9,2
2022-06-01,0,20,15,22,4,3,2,7,2
2022-06-02,0,23,16,29,5,4,3,9,2
2022-06-03,0,27,19,34,7,5,4,10,2
2022-06-04,0,30,24,38,7,6,4,12,3
2022-06-05,0,28,22,37,7,5,4,11,3
2022-06-06,0,24,19,29,6,4,3,10,2
2022-06-07,0,20,14,26,4,3,2,7,1
2022-06-08,0,17,13,22,4,3,2,7,1
2022-06-09,0,22,15,27,5,4,3,9,2
2022-06-10,0,27,19,34,6,5,4,11,2
2022-06-11,0,30,22,39,7,5,4,11,3
2022-06-12,0,28,20,35,7,5,4,11,2
2022-06-13,0,23,16,30,6,4,3,9,2
2022-06-14,0,17,14,23,4,3,2,7,1
2022-06-15,0,17,12,25,4,3,2,7,1
2022-06-16,0,21,14,26,5,3,3,7,2
2022-06-17,0,24,19,32,6,5,3,10,2
2022-06-18,0,28,20,36,6,5,4,11,2
2022-06-19,0,28,21,35,6,5,4,10,2
2022-06-20,0,23,16,29,5,4,3,9,2
2022-06-21,0,18,11,22,4,3,2,6,1
2022-06-22,0,15,12,20,4,3,2,6,1
2022-06-23,0,22,15,24,4,3,2,8,2
2022-06-24,0,23,19,29,6,4,4,10,2
2022-06-25,0,28,21,35,6,5,4,11,2
2022-06-26,0,26,19,32,6,4,4,10,2
2022-06-27,0,20,17,26,5,4,3,9,2
2022-06-28,0,16,13,21,4,3,2,6,1
2022-06-29,0,15,10,19,4,3,2,6,1
2022-06-30,0,18,14,24,4,3,2,7,1
2022-07-01,0,24,17,29,5,4,3,9,2
2022-07-02,0,27,20,33,6,5,4,10,2
2022-07-03,0,24,19,33,6,5,4,10,2
2022-07-04,1,29,23,39,8,6,4,12,3
2022-07-05,0,16,12,21,4,2,2,6,1
2022-07-06,0,13,10,18,3,3,2,6,1
2022-07-07,0,18,14,22,4,3,2,7,1
2022-07-08,0,23,18,29,6,4,3,9,2
2022-07-09,0,25,20,31,6,5,4,11,2
2022-07-10,0,25,17,33,6,5,3,9,2
2022-07-11,0,18,14,26,4,3,3,8,2
2022-07-12,0,15,10,20,4,3,2,5,1
2022-07-13,0,14,8,17,3,2,2,6,1
2022-07-14,0,17,12,22,4,3,2,6,1
2022-07-15,0,21,16,29,5,4,3,9,2
2022-07-16,0,24,19,30,6,5,3,10,2
2022-07-17,0,25,18,32,6,5,3,8,2
2022-07-18,0,20,15,21,4,3,3,8,1
2022-07-19,0,15,10,18,3,2,2,5,1
2022-07-20,0,14,12,18,3,2,2,4,1
2022-07-21,0,17,12,20,3,3,2,6,1
2022-07-22,0,21,17,26,5,4,3,9,2
2022-07-23,0,24,16,31,6,5,3,9,2
2022-07-24,0,21,18,31,6,5,3,9,2
2022-07-25,0,18,13,22,4,3,2,6,2
2022-07-26,0,14,8,16,3,2,1,5,1
2022-07-27,0,11,9,14,3,2,1,4,1
2022-07-28,0,16,11,17,4,3,2,6,1
2022-07-29,0,20,15,26,5,4,2,8,1
2022-07-30,1,32,26,41,8,6,5,13,3
2022-07-31,0,21,15,27,5,4,3,9,2
2022-08-01,0,18,13,23,4,3,2,7,1
2022-08-02,0,13,9,15,3,2,1,5,1
2022-08-03,0,11,9,15,3,2,1,5,1
2022-08-04,0,14,10,17,3,3,2,5,1
2022-08-05,0,19,14,25,5,3,3,8,1
2022-08-06,0,23,17,29,5,4,3,9,2
2022-08-07,0,23,16,26,5,4,3,8,2
2022-08-08,0,18,12,21,4,3,2,6,1
2022-08-09,0,12,8,13,3,2,1,4,1
2022-08-10,0,10,7,13,2,2,1,4,1
2022-08-11,0,14,10,17,3,2,2,5,1
2022-08-12,0,19,14,22,5,3,2,8,1
2022-08-13,0,22,16,26,5,4,3,8,2
2022-08-14,0,22,16,26,5,3,3,7,1
2022-08-15,0,18,11,19,4,3,2,6,1
2022-08-16,0,11,7,11,2,2,1,4,1
2022-08-17,0,12,8,14,2,2,1,4,0
2022-08-18,0,14,9,16,3,2,1,5,1
2022-08-19,0,18,13,20,4,3,2,6,1
2022-08-20,0,23,17,29,5,4,3,8,2
2022-08-21,0,22,14,26,5,4,2,8,1
2022-08-22,1,25,19,31,6,5,3,10,2
2022-08-23,0,12,8,12,2,2,1,4,1
2022-08-24,0,10,7,12,2,2,1,4,0
2022-08-25,0,15,10,16,3,2,1,4,1
2022-08-26,1,27,21,35,6,5,4,10,2
2022-08-27,0,20,15,25,5,4,3,8,2
2022-08-28,0,17,15,26,4,4,2,8,2
2022-08-29,1,25,19,30,6,4,3,9,2
2022-08-30,0,10,7,13,2,1,1,3,1
2022-08-31,0,8,6,10,2,1,1,3,1
2022-09-01,0,12,9,18,2,2,1,4,1
2022-09-02,0,16,13,22,4,3,2,6,1
2022-09-03,0,21,14,29,5,3,3,8,1
2022-09-04,0,18,14,25,4,3,3,8,1
2022-09-05,0,17,9,17,3,3,1,4,1
2022-09-06,0,9,7,13,2,1,1,3,1
2022-09-07,0,7,5,11,2,1,1,3,0
2022-09-08,0,11,8,15,3,2,2,4,1
2022-09-09,0,15,13,22,4,3,2,6,1
2022-09-10,0,20,17,26,5,3,2,8,1
2022-09-11,0,18,14,22,4,4,2,7,1
2022-09-12,0,15,11,16,3,2,2,6,1
2022-09-13,0,9,8,11,2,2,1,3,1
2022-09-14,0,9,6,10,1,1,1,3,0
2022-09-15,0,12,8,14,2,2,1,4,1
2022-09-16,0,16,11,19,4,3,2,6,1
2022-09-17,0,21,14,25,4,4,3,8,1
2022-09-18,0,19,13,23,5,3,2,7,1
2022-09-19,0,17,10,17,3,2,2,5,1
2022-09-20,0,9,8,11,2,1,1,3,0
2022-09-21,0,8,6,9,2,1,1,3,0
2022-09-22,0,13,7,13,2,2,1,4,1
2022-09-23,0,15,13,21,4,3,2,6,1
2022-09-24,0,21,15,23,4,3,2,7,1
2022-09-25,0,19,14,23,4,3,3,7,2
2022-09-26,0,13,9,19,3,2,2,6,1
2022-09-27,0,7,8,11,2,1,1,3,0
2022-09-28,0,7,5,11,2,2,1,3,0
2022-09-29,0,9,9,15,3,2,1,4,0
2022-09-30,0,16,14,21,4,3,2,6,1
2022-10-01,0,20,16,25,5,4,3,7,1
2022-10-02,0,18,13,23,4,3,3,6,1
2022-10-03,0,15,9,17,3,2,2,5,1
2022-10-04,0,11,8,11,2,2,1,3,0
2022-10-05,1,19,13,22,4,3,2,7,1
2022-10-06,0,11,8,13,2,2,1,5,1
2022-10-07,0,14,13,22,4,3,2,6,1
2022-10-08,0,19,14,22,5,3,3,7,1
2022-10-09,0,18,14,24,5,3,3,8,1
2022-10-10,0,13,10,18,3,2,2,5,1
2022-10-11,0,9,7,12,2,1,1,4,0
2022-10-12,0,10,5,11,2,2,1,3,0
2022-10-13,0,10,9,14,3,2,1,4,1
2022-10-14,0,18,13,21,3,3,2,5,1
2022-10-15,0,21,15,23,5,3,2,8,2
2022-10-16,0,19,13,23,4,3,2,7,1
2022-10-17,0,13,12,19,3,3,2,5,1
2022-10-18,0,8,7,10,2,2,1,4,1
2022-10-19,0,7,7,11,1,1,1,2,0
2022-10-20,0,13,8,14,3,2,1,4,1
2022-10-21,0,18,13,21,4,3,2,6,1
2022-10-22,0,19,15,24,5,4,3,8,1
2022-10-23,0,18,12,22,5,3,2,8,2
2022-10-24,0,15,11,19,3,3,2,5,1
2022-10-25,0,9,9,12,2,2,1,4,1
2022-10-26,1,17,14,24,5,3,2,6,1
2022-10-27,0,11,8,16,3,2,1,5,1
2022-10-28,0,19,13,23,4,3,2,7,1
2022-10-29,0,20,16,26,5,4,2,6,2
2022-10-30,0,19,15,26,5,4,2,7,2
2022-10-31,1,24,18,30,6,5,3,10,2
2022-11-01,0,11,7,14,2,2,1,4,1
2022-11-02,0,9,7,12,2,2,1,4,0
2022-11-03,0,12,10,16,2,2,2,4,1
2022-11-04,0,16,12,23,4,3,2,6,1
2022-11-05,0,22,15,25,5,4,3,8,2
2022-11-06,0,18,16,24,5,4,3,8,2
2022-11-07,0,16,13,22,3,3,2,6,1
2022-11-08,0,9,7,13,2,2,1,4,1
2022-11-09,1,20,14,25,5,3,3,7,2
2022-11-10,0,14,9,15,3,2,2,4,1
2022-11-11,0,19,14,21,4,3,2,7,1
2022-11-12,0,22,15,27,5,4,3,9,2
2022-11-13,0,22,15,26,5,4,2,8,2
2022-11-14,0,18,12,20,4,3,2,6,1
2022-11-15,0,11,9,15,2,2,1,4,1
2022-11-16,0,10,6,16,2,1,1,4,1
2022-11-17,0,14,10,17,3,2,2,5,1
2022-11-18,0,19,14,26,4,4,3,7,1
2022-11-19,0,22,18,30,5,4,3,9,2
2022-11-20,0,21,16,28,5,4,3,8,2
2022-11-21,0,19,12,21,3,3,2,7,1
2022-11-22,0,13,10,14,2,2,2,5,1
2022-11-23,0,11,8,15,2,2,1,4,1
2022-11-24,0,12,12,20,4,2,2,6,1
2022-11-25,0,18,15,27,5,4,3,8,1
2022-11-26,0,24,18,28,5,4,3,9,2
2022-11-27,0,20,17,28,5,4,3,8,2
2022-11-28,1,28,23,34,7,5,4,11,2
2022-11-29,0,12,10,16,3,2,2,5,1
2022-11-30,0,12,9,16,3,2,1,5,1
2022-12-01,0,15,11,19,3,3,2,7,1
2022-12-02,0,21,15,25,5,4,3,8,1
2022-12-03,0,24,16,31,6,4,3,10,2
2022-12-04,0,23,18,30,6,4,3,9,2
2022-12-05,0,18,15,24,4,3,2,8,1
2022-12-06,0,14,11,17,3,2,1,6,1
2022-12-07,0,14,9,18,3,2,2,4,1
2022-12-08,0,15,12,21,4,3,2,6,1
2022-12-09,0,22,14,30,5,4,3,7,2
2022-12-10,0,25,19,32,6,5,4,9,2
2022-12-11,1,34,25,40,8,6,5,13,3
2022-12-12,0,20,14,22,4,3,3,8,1
2022-12-13,0,15,11,20,4,3,2,6,1
2022-12-14,0,14,11,19,3,2,2,6,1
2022-12-15,0,18,13,21,4,3,2,7,1
2022-12-16,0,23,17,31,5,4,3,9,2
2022-12-17,0,27,20,35,6,5,4,10,2
2022-12-18,0,26,20,32,5,5,3,10,2
2022-12-19,0,19,15,26,5,4,3,8,2
2022-12-20,0,17,13,21,4,3,2,6,1
2022-12-21,0,15,10,21,3,3,2,6,1
2022-12-22,0,17,14,24,4,3,2,6,1
2022-12-23,0,24,17,30,6,4,3,9,2
2022-12-24,0,27,20,35,7,5,3,11,2
2022-12-25,0,26,20,33,6,5,3,10,2
2022-12-26,0,21,16,28,5,4,3,8,2
2022-12-27,0,17,13,19,4,3,2,7,1
2022-12-28,0,15,11,20,3,3,2,6,1
2022-12-29,0,20,15,25,4,3,2,7,2
2022-12-30,0,25,18,31,6,4,3,10,2
2022-12-31,0,28,20,36,6,5,4,11,3
2023-01-01,1,38,28,49,9,7,5,14,3
2023-01-02,0,22,17,28,5,4,3,9,2
2023-01-03,0,19,14,23,4,3,2,6,1
2023-01-04,0,18,11,23,4,3,2,7,1
2023-01-05,0,19,15,26,4,4,2,7,2
2023-01-06,1,37,27,44,9,7,5,13,3
2023-01-07,0,28,21,37,7,5,4,11,2
2023-01-08,0,29,19,32,7,5,4,10,2
2023-01-09,0,26,17,27,5,4,3,10,2
2023-01-10,1,30,22,37,7,5,4,12,2
2023-01-11,0,16,13,20,4,3,2,7,1
2023-01-12,0,22,15,25,5,4,3,9,2
2023-01-13,0,29,21,33,6,5,3,10,2
2023-01-14,0,30,22,37,7,6,4,12,3
2023-01-15,0,29,22,36,7,5,4,11,2
2023-01-16,0,23,16,32,6,5,3,9,2
2023-01-17,0,20,16,25,5,4,3,7,2
2023-01-18,0,20,14,23,4,4,2,7,1
2023-01-19,0,23,17,30,6,4,3,9,2
2023-01-20,0,31,21,33,7,5,4,11,2
2023-01-21,0,31,23,39,7,5,4,12,3
2023-01-22,0,28,23,36,7,6,4,11,3
2023-01-23,0,26,17,32,6,5,3,11,2
2023-01-24,0,19,16,26,5,4,3,8,2
2023-01-25,0,19,16,26,4,4,3,8,1
2023-01-26,1,35,24,43,8,6,5,13,3
2023-01-27,0,29,22,35,7,5,4,12,3
2023-01-28,0,32,25,39,8,6,4,13,3
2023-01-29,0,33,23,38,8,6,4,11,3
2023-01-30,0,26,19,35,7,5,4,10,2
2023-01-31,0,23,16,29,4,4,3,8,2
2023-02-01,0,21,15,25,5,4,3,9,2
2023-02-02,0,25,17,31,6,4,3,10,2
2023-02-03,0,28,21,35,7,6,4,11,3
2023-02-04,0,32,25,41,8,6,4,13,3
2023-02-05,0,30,23,39,7,6,4,12,3
2023-02-06,0,27,21,36,6,5,3,11,2
2023-02-07,0,23,17,27,6,4,3,9,2
2023-02-08,0,21,17,28,5,4,3,8,2
2023-02-09,0,27,18,31,6,4,3,10,2
2023-02-10,0,31,23,38,7,6,4,12,3
2023-02-11,0,34,26,44,8,6,5,13,3
2023-02-12,0,33,25,43,8,6,4,13,3
2023-02-13,0,27,21,35,7,5,4,10,2
2023-02-14,0,24,17,29,6,4,3,9,2
2023-02-15,0,22,16,26,6,4,3,9,2
2023-02-16,0,27,21,32,6,5,3,10,2
2023-02-17,0,30,24,41,8,6,4,13,3
2023-02-18,0,34,26,43,8,7,5,13,3
2023-02-19,0,34,26,43,8,6,5,13,3
2023-02-20,1,39,29,47,9,7,5,15,3
2023-02-21,0,24,19,30,5,4,3,10,2
2023-02-22,0,22,17,30,6,4,3,9,2
2023-02-23,0,26,20,33,6,5,4,10,2
2023-02-24,0,32,24,41,7,6,4,13,3
2023-02-25,0,35,26,43,8,7,5,14,3
2023-02-26,0,35,26,40,8,6,5,13,3
2023-02-27,0,30,22,38,7,5,4,12,2
2023-02-28,0,22,19,30,6,5,3,10,2
2023-03-01,0,24,18,30,5,4,3,9,2
2023-03-02,0,29,19,34,7,5,4,11,2
2023-03-03,0,34,25,38,8,6,4,12,3
2023-03-04,0,36,26,46,9,7,5,14,3
2023-03-05,0,33,26,43,8,7,5,14,3
2023-03-06,0,30,23,38,7,6,4,12,2
2023-03-07,0,26,19,31,6,5,4,10,2
2023-03-08,0,24,19,32,5,4,3,10,2
2023-03-09,0,28,21,36,7,6,4,11,2
2023-03-10,0,34,24,39,8,6,5,13,3
2023-03-11,0,35,28,48,9,7,5,15,3
2023-03-12,0,34,26,43,8,7,5,14,3
2023-03-13,0,31,23,41,7,6,4,12,2
2023-03-14,0,26,19,32,6,5,4,10,2
2023-03-15,0,26,18,30,6,4,3,9,2
2023-03-16,0,28,22,35,6,5,4,10,2
2023-03-17,0,33,27,41,8,6,5,13,3
2023-03-18,0,37,27,49,8,7,5,14,3
2023-03-19,0,34,27,44,8,7,5,14,3
2023-03-20,0,30,23,38,8,6,4,12,3
2023-03-21,0,26,19,33,6,4,4,10,2
2023-03-22,0,25,20,30,6,5,3,10,2
2023-03-23,0,31,20,37,7,5,4,11,2
2023-03-24,0,31,24,40,8,6,4,13,3
2023-03-25,0,36,27,45,9,7,5,15,3
2023-03-26,0,35,27,46,8,7,5,14,3
2023-03-27,0,30,23,39,8,6,4,12,2
2023-03-28,0,26,20,34,6,5,3,11,2
2023-03-29,0,24,19,33,6,4,3,9,2
2023-03-30,0,29,22,37,7,5,4,11,2
2023-03-31,0,33,23,42,8,6,4,13,3
2023-04-01,0,37,27,49,9,7,5,14,3
2023-04-02,0,35,27,44,8,7,5,14,3
2023-04-03,0,30,24,39,8,6,4,12,3
2023-04-04,0,28,21,33,6,5,3,10,2
2023-04-05,0,26,18,31,6,4,3,10,2
2023-04-06,0,26,22,34,7,5,4,11,2
2023-04-07,0,32,25,40,8,7,5,14,3
2023-04-08,0,38,27,47,9,7,5,14,3
2023-04-09,0,35,27,44,9,7,5,15,3
2023-04-10,0,29,23,41,7,5,4,13,3
2023-04-11,0,27,20,33,7,5,4,10,2
2023-04-12,0,25,18,31,6,5,3,9,2
2023-04-13,0,28,21,37,6,5,4,11,2
2023-04-14,0,34,26,42,8,6,5,13,3
2023-04-15,0,35,27,46,9,7,5,15,3
2023-04-16,0,34,27,44,9,7,5,14,3
2023-04-17,0,32,22,43,7,6,4,12,3
2023-04-18,0,25,21,33,6,4,4,10,2
2023-04-19,0,24,19,33,5,5,3,10,2
2023-04-20,0,27,23,34,6,5,4,11,2
2023-04-21,0,35,26,41,8,6,4,13,3
2023-04-22,0,37,26,48,8,7,5,14,3
2023-04-23,0,36,27,46,8,7,5,14,3
2023-04-24,0,31,22,39,8,6,4,12,3
2023-04-25,0,25,20,32,6,4,3,10,2
2023-04-26,0,25,17,31,6,5,3,10,2
2023-04-27,1,36,27,46,9,7,5,15,3
2023-04-28,0,32,23,40,8,6,5,13,3
2023-04-29,0,37,27,46,8,7,5,14,3
2023-04-30,0,34,26,44,9,7,5,14,3
2023-05-01,1,40,29,51,9,7,5,16,4
2023-05-02,0,25,20,31,6,4,3,10,2
2023-05-03,0,24,18,31,6,4,3,10,2
2023-05-04,0,25,21,34,6,5,4,11,2
2023-05-05,0,32,25,40,7,6,4,12,3
2023-05-06,0,35,27,47,8,7,5,13,3
2023-05-07,0,35,25,43,8,7,5,13,3
2023-05-08,0,30,21,38,7,6,4,11,2
2023-05-09,0,25,18,32,6,5,3,10,2
2023-05-10,0,23,19,30,5,4,3,9,2
2023-05-11,0,27,19,34,7,5,4,10,2
2023-05-12,0,30,24,39,8,6,4,12,3
2023-05-13,1,43,34,55,11,8,6,18,4
2023-05-14,0,32,25,41,8,6,4,13,3
2023-05-15,0,29,22,37,7,5,4,11,3
2023-05-16,0,24,19,31,6,5,3,9,2
2023-05-17,0,24,17,28,6,4,3,9,2
2023-05-18,0,26,21,34,6,5,3,11,2
2023-05-19,0,32,23,40,7,6,4,11,3
2023-05-20,0,35,26,42,8,6,5,13,3
2023-05-21,0,33,23,42,8,6,4,13,3
2023-05-22,0,29,20,36,7,5,4,12,2
2023-05-23,0,25,18,29,6,4,3,9,2
2023-05-24,0,21,17,29,5,4,3,9,2
2023-05-25,0,26,20,32,6,5,4,11,2
2023-05-26,0,30,25,37,7,6,4,12,3
2023-05-27,0,33,26,43,8,7,5,13,3
2023-05-28,0,31,25,41,8,6,4,13,3
2023-05-29,0,27,21,34,7,5,4,11,2
2023-05-30,1,33,23,41,8,6,4,13,3
2023-05-31,0,20,16,26,5,4,3,9,2
2023-06-01,0,24,19,31,6,5,3,9,2
2023-06-02,0,31,23,37,7,6,4,12,3
2023-06-03,0,33,24,41,8,6,5,12,3
2023-06-04,0,31,24,38,8,6,4,12,3
2023-06-05,0,29,20,33,7,5,3,10,2
2023-06-06,0,24,17,27,5,4,3,8,2
2023-06-07,0,21,15,27,5,4,3,8,2
2023-06-08,0,22,18,31,6,4,3,9,2
2023-06-09,0,30,22,38,7,5,4,11,2
2023-06-10,0,30,24,39,8,6,4,12,3
2023-06-11,0,32,23,39,7,6,4,13,3
2023-06-12,0,27,19,30,6,5,3,10,2
2023-06-13,0,23,15,27,5,4,3,8,2
2023-06-14,0,20,14,26,5,4,3,8,2
2023-06-15,0,23,16,29,5,4,3,9,2
2023-06-16,0,28,22,36,7,5,4,11,2
2023-06-17,0,31,24,37,7,6,4,12,3
2023-06-18,0,31,22,37,7,6,4,12,3
2023-06-19,0,26,20,33,6,4,3,9,2
2023-06-20,0,21,15,26,5,3,3,7,2
2023-06-21,0,18,13,24,5,3,3,8,1
2023-06-22,0,25,16,29,5,4,3,9,2
2023-06-23,1,38,29,47,9,7,5,15,3
2023-06-24,0,29,22,38,7,6,4,12,3
2023-06-25,0,29,22,36,6,6,4,11,2
2023-06-26,0,25,19,30,6,5,3,9,2
2023-06-27,0,19,15,23,5,3,3,8,2
2023-06-28,1,29,23,37,7,5,4,11,2
2023-06-29,0,22,15,26,5,4,3,8,2
2023-06-30,0,23,19,32,6,5,4,10,2
2023-07-01,0,29,21,35,7,6,4,12,3
2023-07-02,0,28,21,32,7,5,4,11,2
2023-07-03,0,23,18,30,6,4,3,9,2
2023-07-04,0,19,13,24,4,3,2,7,1
2023-07-05,0,18,14,23,4,3,2,6,1
2023-07-06,0,21,15,25,5,3,3,8,2
2023-07-07,0,25,18,32,6,5,3,9,2
2023-07-08,1,39,28,48,9,7,5,15,4
2023-07-09,0,27,19,34,6,5,4,11,2
2023-07-10,0,22,16,30,5,4,3,9,2
2023-07-11,0,16,13,22,4,3,2,6,1
2023-07-12,0,15,13,21,4,3,2,6,1
2023-07-13,0,18,15,24,4,4,3,8,2
2023-07-14,0,25,18,33,6,5,4,9,2
2023-07-15,1,38,28,45,9,7,5,14,3
2023-07-16,0,25,21,32,6,5,3,10,2
2023-07-17,0,22,17,28,5,4,3,8,2
2023-07-18,0,18,12,23,4,3,2,7,1
2023-07-19,0,15,12,19,4,2,2,7,1
2023-07-20,0,17,15,22,4,3,3,7,1
2023-07-21,0,23,17,31,6,4,3,9,2
2023-07-22,1,38,27,47,9,7,5,15,3
2023-07-23,0,26,21,34,6,5,3,9,2
2023-07-24,0,20,15,24,5,4,3,8,1
2023-07-25,0,17,10,22,4,2,2,6,1
2023-07-26,0,16,11,17,3,3,2,6,1
2023-07-27,0,17,14,22,4,3,2,7,1
2023-07-28,0,22,17,29,5,4,3,9,2
2023-07-29,0,25,20,33,6,5,3,10,2
2023-07-30,0,24,19,32,6,5,3,10,2
2023-07-31,0,21,15,23,5,3,3,7,2
2023-08-01,0,16,11,19,3,3,2,5,1
2023-08-02,0,15,10,19,3,2,2,5,1
2023-08-03,0,18,13,21,4,3,2,7,1
2023-08-04,0,24,16,26,5,4,3,8,2
2023-08-05,0,24,19,33,6,5,3,10,2
2023-08-06,0,24,17,29,6,4,3,9,2
2023-08-07,0,17,15,23,4,4,2,7,1
2023-08-08,0,13,11,17,3,2,2,6,1
2023-08-09,0,13,9,16,3,2,2,5,1
2023-08-10,0,17,12,21,4,3,2,6,1
2023-08-11,0,21,16,25,5,4,3,8,2
2023-08-12,0,24,18,29,6,4,3,9,2
2023-08-13,0,23,18,28,5,4,3,10,2
2023-08-14,0,20,14,22,4,3,2,7,2
2023-08-15,0,13,10,17,3,2,2,5,1
2023-08-16,0,14,9,16,3,2,1,5,1
2023-08-17,0,16,10,20,4,2,2,6,1
2023-08-18,0,21,14,26,5,3,3,7,2
2023-08-19,0,23,18,32,5,5,3,10,2
2023-08-20,0,24,17,29,5,4,3,8,2
2023-08-21,0,17,14,23,4,3,2,8,1
2023-08-22,0,12,10,16,3,2,2,5,1
2023-08-23,0,12,9,16,2,2,1,4,1
2023-08-24,0,14,12,18,3,3,2,6,1
2023-08-25,0,19,15,26,5,4,3,8,2
2023-08-26,0,23,18,28,6,4,3,9,2
2023-08-27,0,24,17,28,6,4,3,9,2
2023-08-28,0,17,13,21,4,3,2,6,2
2023-08-29,0,12,9,17,3,2,2,5,1
2023-08-30,0,12,8,15,3,2,1,5,1
2023-08-31,0,13,11,18,4,3,2,6,1
2023-09-01,0,20,15,27,5,3,3,7,1
2023-09-02,0,24,17,28,5,4,3,9,2
2023-09-03,0,21,16,25,5,4,3,8,2
2023-09-04,0,18,12,20,4,3,2,6,1
2023-09-05,0,12,9,14,3,2,1,4,1
2023-09-06,1,20,16,27,5,4,3,7,2
2023-09-07,0,14,12,16,3,2,2,5,1
2023-09-08,0,19,15,24,4,4,3,7,2
2023-09-09,0,22,17,29,6,4,3,9,2
2023-09-10,0,21,15,27,5,4,3,9,2
2023-09-11,0,17,13,21,4,3,2,6,1
2023-09-12,0,12,9,15,2,2,1,4,1
2023-09-13,0,8,8,13,2,1,1,4,1
2023-09-14,0,14,10,15,3,2,2,5,1
2023-09-15,0,18,14,23,5,4,3,8,1
2023-09-16,0,22,17,29,5,4,3,9,2
2023-09-17,0,21,15,26,5,4,3,9,2
2023-09-18,0,17,13,21,3,3,2,7,1
2023-09-19,0,12,10,14,3,2,1,5,1
2023-09-20,0,11,7,14,3,2,1,4,1
2023-09-21,0,15,10,14,3,2,2,5,1
2023-09-22,0,20,13,24,4,3,3,8,1
2023-09-23,0,22,16,29,5,4,3,8,2
2023-09-24,0,21,16,28,5,4,3,8,2
2023-09-25,0,16,12,20,4,3,2,6,1
2023-09-26,0,11,9,13,3,2,2,4,1
2023-09-27,0,10,6,15,3,2,1,4,1
2023-09-28,0,11,10,17,3,2,2,5,1
2023-09-29,1,28,23,36,7,5,4,12,2
2023-09-30,0,20,16,27,5,4,3,9,2
2023-10-01,0,22,15,25,5,4,2,8,2
2023-10-02,0,16,12,21,4,3,2,5,1
2023-10-03,0,11,8,15,3,2,1,5,1
2023-10-04,0,10,8,13,3,2,1,4,1
2023-10-05,0,14,10,16,3,3,1,6,1
2023-10-06,0,18,14,22,4,3,2,7,2
2023-10-07,0,22,16,26,5,4,3,8,2
2023-10-08,0,21,15,26,5,4,3,8,2
2023-10-09,0,16,13,19,4,3,2,6,1
2023-10-10,0,11,8,13,2,2,1,4,1
2023-10-11,0,12,7,14,2,2,1,5,0
2023-10-12,1,24,18,28,5,5,3,9,2
2023-10-13,0,18,14,25,5,4,3,7,1
2023-10-14,0,22,16,29,5,4,3,9,2
2023-10-15,0,20,16,27,5,4,3,8,2
2023-10-16,0,17,13,23,4,3,2,7,1
2023-10-17,0,13,10,14,3,2,1,5,1
2023-10-18,0,11,7,15,2,2,1,4,1
2023-10-19,0,17,11,17,3,2,2,6,1
2023-10-20,0,20,16,28,5,4,2,8,2
2023-10-21,0,23,17,28,5,4,3,9,2
2023-10-22,0,21,15,27,5,4,3,9,2
2023-10-23,0,17,12,22,4,3,2,6,1
2023-10-24,0,12,9,15,3,2,1,4,1
2023-10-25,0,9,9,13,3,2,1,4,1
2023-10-26,0,16,11,17,3,2,2,6,1
2023-10-27,0,19,15,27,5,4,3,8,1
2023-10-28,0,22,17,28,6,4,3,9,2
2023-10-29,0,22,17,28,5,4,3,8,2
2023-10-30,0,18,12,23,4,3,2,7,1
2023-10-31,0,13,9,18,3,3,1,6,1
2023-11-01,0,12,9,14,2,2,2,5,1
2023-11-02,0,16,10,19,3,3,2,5,1
2023-11-03,0,20,15,25,5,4,2,8,1
2023-11-04,0,24,17,28,5,4,3,10,2
2023-11-05,0,21,17,29,5,4,3,9,2
2023-11-06,0,17,13,23,4,4,2,7,1
2023-11-07,0,14,12,19,3,2,2,6,1
2023-11-08,0,11,9,15,3,2,1,5,1
2023-11-09,0,16,13,21,4,3,2,6,1
2023-11-10,0,21,16,28,4,4,3,8,2
2023-11-11,0,24,18,31,6,4,3,9,2
2023-11-12,0,22,18,27,5,4,3,8,2
2023-11-13,0,20,14,23,4,3,2,7,1
2023-11-14,0,16,11,20,3,2,2,6,1
2023-11-15,0,13,9,17,3,2,2,5,1
2023-11-16,0,17,13,22,4,3,2,6,1
2023-11-17,0,21,17,27,5,4,3,8,2
2023-11-18,0,24,19,31,6,4,3,10,2
2023-11-19,0,24,19,28,5,4,3,10,2
2023-11-20,0,18,15,25,5,4,3,7,2
2023-11-21,0,13,12,20,3,3,2,6,1
2023-11-22,0,15,10,16,3,3,1,5,1
2023-11-23,0,18,13,21,3,3,2,7,1
2023-11-24,0,22,17,28,5,4,3,8,2
2023-11-25,0,26,19,33,6,5,3,10,2
2023-11-26,0,26,19,30,6,5,4,9,2
2023-11-27,0,20,15,27,5,4,2,8,2
2023-11-28,0,15,11,20,4,3,2,7,1
2023-11-29,0,14,11,15,3,3,2,5,1
2023-11-30,0,19,14,23,4,3,2,7,1
2023-12-01,0,24,17,31,6,4,3,9,2
2023-12-02,0,27,21,32,7,5,4,11,2
2023-12-03,0,26,20,33,6,5,3,10,2
2023-12-04,0,20,16,29,5,4,3,8,2
2023-12-05,0,16,13,21,4,3,2,6,1
2023-12-06,0,16,13,21,3,3,2,6,1
2023-12-07,1,30,20,36,7,6,4,11,3
2023-12-08,0,25,19,30,6,5,3,10,2
2023-12-09,0,27,20,34,7,5,3,10,2
2023-12-10,0,27,20,33,7,5,4,11,2
2023-12-11,0,23,17,28,5,4,3,8,2
2023-12-12,0,17,12,20,4,3,2,7,1
2023-12-13,0,18,11,20,4,3,2,7,1
2023-12-14,0,22,15,27,4,4,2,8,2
2023-12-15,0,28,19,30,6,5,4,10,2
2023-12-16,0,29,20,35,7,5,4,11,2
2023-12-17,0,28,22,35,7,5,4,10,2
2023-12-18,0,24,18,29,5,4,3,9,2
2023-12-19,0,19,14,24,5,3,2,7,1
2023-12-20,1,29,22,34,6,5,4,10,2
2023-12-21,0,22,15,26,5,4,3,8,2
2023-12-22,0,26,20,32,6,5,4,10,2
2023-12-23,0,31,21,36,7,5,4,12,3
2023-12-24,0,28,21,36,7,6,4,11,3
2023-12-25,0,24,18,31,6,5,3,9,2
2023-12-26,0,21,13,25,4,4,3,8,2
2023-12-27,0,17,13,21,4,3,2,8,1
2023-12-28,0,21,16,28,5,4,3,9,2
2023-12-29,0,28,20,33,6,5,4,10,2
2023-12-30,0,31,23,40,8,6,4,13,3
2023-12-31,0,29,23,38,7,5,4,11,3
2024-01-01,0,25,19,33,6,5,3,10,2
2024-01-02,0,19,16,26,5,4,2,7,2
2024-01-03,0,21,15,24,4,3,2,8,2
2024-01-04,0,23,18,31,5,4,3,9,2
2024-01-05,0,30,21,37,6,5,4,11,2
2024-01-06,0,32,24,40,8,6,4,13,3
2024-01-07,0,30,23,38,7,6,4,12,3
2024-01-08,0,26,19,31,6,5,3,10,2
2024-01-09,0,21,17,27,5,4,2,8,2
2024-01-10,0,21,16,26,5,4,3,7,2
2024-01-11,0,26,18,31,6,4,3,9,2
2024-01-12,0,29,22,38,7,5,4,12,3
2024-01-13,0,32,24,43,8,6,4,12,3
2024-01-14,0,32,24,40,8,6,4,13,3
2024-01-15,0,28,19,33,6,5,4,11,2
2024-01-16,0,21,18,26,6,4,3,9,2
2024-01-17,0,22,16,26,5,4,3,8,2
2024-01-18,0,24,19,33,6,5,3,10,2
2024-01-19,0,31,22,40,7,6,4,12,3
2024-01-20,0,33,26,42,8,6,5,13,3
2024-01-21,0,30,24,39,8,6,4,13,3
2024-01-22,0,28,21,34,7,5,4,11,2
2024-01-23,0,24,18,31,6,5,3,8,2
2024-01-24,0,22,16,28,5,4,3,8,2
2024-01-25,0,25,18,33,6,5,3,11,2
2024-01-26,0,30,24,39,8,6,4,12,3
2024-01-27,0,35,26,44,8,6,5,14,3
2024-01-28,0,34,25,44,8,6,5,13,3
2024-01-29,0,28,22,37,6,5,4,12,3
2024-01-30,1,34,25,43,8,6,5,14,3
2024-01-31,0,23,18,32,5,4,3,10,2
2024-02-01,0,29,20,34,6,5,3,10,2
2024-02-02,1,43,31,52,10,8,6,17,4
2024-02-03,0,35,26,45,8,7,5,14,3
2024-02-04,0,35,26,44,9,6,5,14,3
2024-02-05,0,29,23,37,7,5,4,12,3
2024-02-06,0,26,19,31,6,5,3,10,2
2024-02-07,0,26,17,30,6,4,3,10,2
2024-02-08,0,29,20,34,6,5,4,11,2
2024-02-09,0,34,24,41,8,6,5,12,3
2024-02-10,0,36,28,44,9,7,5,14,3
2024-02-11,0,34,26,45,8,7,5,14,3
2024-02-12,0,29,23,39,7,6,4,12,3
2024-02-13,0,23,18,33,6,5,3,11,2
2024-02-14,0,26,18,31,6,5,3,10,2
2024-02-15,0,28,20,35,7,5,4,12,2
2024-02-16,0,35,24,44,8,6,5,13,3
2024-02-17,1,48,35,59,12,9,7,19,4
2024-02-18,0,36,27,47,8,7,5,14,3
2024-02-19,0,32,25,38,8,6,4,13,3
2024-02-20,0,26,21,34,7,5,4,10,2
2024-02-21,0,25,19,31,6,5,4,10,2
2024-02-22,0,30,21,36,6,5,4,11,2
2024-02-23,0,34,27,43,8,7,5,13,3
2024-02-24,0,37,29,47,10,7,5,14,3
2024-02-25,0,37,26,45,9,7,5,14,3
2024-02-26,0,33,24,42,8,6,4,12,3
2024-02-27,0,27,20,34,6,5,4,10,2
2024-02-28,0,26,20,33,7,5,4,11,2
2024-02-29,0,30,24,37,7,5,4,11,3
2024-03-01,0,36,26,45,8,6,5,13,3
2024-03-02,0,38,27,48,9,7,5,15,4
2024-03-03,0,36,28,46,9,7,5,14,3
2024-03-04,0,32,25,39,7,6,4,12,3
2024-03-05,0,29,21,35,7,5,4,12,2
2024-03-06,0,29,19,34,6,5,4,11,2
2024-03-07,0,29,22,37,7,6,4,12,3
2024-03-08,0,34,27,44,9,7,5,14,3
2024-03-09,0,39,29,49,9,7,5,15,3
2024-03-10,0,38,28,45,9,7,5,14,3
2024-03-11,0,34,25,41,8,6,5,13,3
2024-03-12,0,27,21,36,6,5,4,11,2
2024-03-13,0,26,21,36,7,5,4,11,2
2024-03-14,0,31,22,41,7,6,4,12,2
2024-03-15,0,36,26,47,8,6,5,14,3
2024-03-16,0,40,30,49,10,7,6,15,3
2024-03-17,0,38,28,47,9,7,6,15,4
2024-03-18,0,34,24,43,8,6,4,12,3
2024-03-19,0,29,20,35,6,5,4,11,2
2024-03-20,0,30,21,34,7,5,4,11,2
2024-03-21,0,30,23,38,7,6,4,12,3
2024-03-22,0,37,26,45,9,7,5,14,3
2024-03-23,0,38,30,50,9,7,5,15,3
2024-03-24,0,37,28,47,9,7,5,16,3
2024-03-25,0,33,24,42,8,6,5,13,3
2024-03-26,0,31,21,38,7,6,4,12,3
2024-03-27,0,28,22,35,7,5,4,10,2
2024-03-28,1,40,30,53,10,8,6,16,4
2024-03-29,0,37,27,47,9,7,5,14,3
2024-03-30,0,40,30,50,10,7,6,16,4
2024-03-31,0,38,29,48,10,7,5,15,3
2024-04-01,0,32,26,43,8,6,5,13,3
2024-04-02,0,30,21,36,7,6,4,11,2
2024-04-03,0,28,20,35,7,5,4,11,2
2024-04-04,0,33,22,39,7,6,4,12,3
2024-04-05,0,37,27,45,9,7,5,15,3
2024-04-06,0,40,29,49,9,8,5,16,4
2024-04-07,0,38,29,46,9,7,5,15,3
2024-04-08,0,33,25,43,8,7,5,13,3
2024-04-09,0,29,22,37,7,6,4,11,2
2024-04-10,0,27,21,33,7,5,4,11,2
2024-04-11,0,32,23,38,8,6,5,12,3
2024-04-12,0,38,27,46,8,7,5,15,3
2024-04-13,0,39,29,50,9,8,5,16,3
2024-04-14,0,39,29,46,9,7,5,15,3
2024-04-15,0,33,25,42,8,6,5,14,3
2024-04-16,0,28,22,37,7,5,4,11,3
2024-04-17,0,27,21,34,6,5,4,11,2
2024-04-18,0,29,23,39,7,5,4,12,2
2024-04-19,0,36,28,44,8,7,5,14,3
2024-04-20,0,39,31,50,10,7,5,15,4
2024-04-21,0,39,27,47,9,7,5,14,3
2024-04-22,0,34,24,40,8,6,5,13,3
2024-04-23,0,29,21,36,7,5,4,11,2
2024-04-24,0,26,20,32,7,5,4,10,2
2024-04-25,0,31,24,36,8,5,4,12,3
2024-04-26,0,37,27,46,8,7,5,15,3
2024-04-27,0,39,30,47,9,7,5,15,3
2024-04-28,0,39,27,46,9,7,5,14,3
2024-04-29,0,35,25,40,8,6,4,12,3
2024-04-30,0,28,20,34,7,5,4,11,3
2024-05-01,0,26,20,34,7,5,4,10,2
2024-05-02,0,29,22,36,7,6,4,12,2
2024-05-03,0,34,25,45,8,6,5,14,3
2024-05-04,0,38,29,49,9,7,5,15,4
2024-05-05,0,38,28,45,9,7,5,15,3
2024-05-06,0,30,24,40,8,6,5,13,3
2024-05-07,0,27,21,34,6,5,4,10,3
2024-05-08,0,26,21,33,6,5,4,11,2
2024-05-09,0,29,22,39,7,6,4,12,2
2024-05-10,0,34,26,45,8,7,5,14,3
2024-05-11,0,37,29,51,8,7,5,14,3
2024-05-12,0,36,28,43,8,7,5,14,3
2024-05-13,0,31,24,39,7,6,4,13,3
2024-05-14,1,36,29,49,9,7,5,14,3
2024-05-15,0,27,19,30,6,5,4,10,2
2024-05-16,0,30,21,39,7,5,4,11,2
2024-05-17,0,33,25,43,8,6,5,13,3
2024-05-18,0,35,28,47,9,7,5,14,3
2024-05-19,0,37,27,44,9,7,5,14,3
2024-05-20,0,30,23,39,7,6,4,12,3
2024-05-21,0,27,19,35,6,5,4,10,2
2024-05-22,0,24,19,32,6,4,3,10,2
2024-05-23,0,30,22,35,6,6,4,11,2
2024-05-24,0,36,25,42,8,6,5,13,3
2024-05-25,0,37,27,46,9,7,5,13,3
2024-05-26,0,35,27,45,9,7,5,14,3
2024-05-27,0,30,23,37,7,6,4,13,3
2024-05-28,0,27,19,32,6,5,3,10,2
2024-05-29,0,25,17,30,5,4,4,10,2
2024-05-30,0,29,21,32,6,5,4,10,2
2024-05-31,0,32,24,42,8,6,4,12,3
2024-06-01,0,36,28,43,9,7,5,14,3
2024-06-02,0,34,26,43,8,6,5,13,3
2024-06-03,0,29,23,39,7,6,4,12,3
2024-06-04,0,25,18,29,6,4,3,10,2
2024-06-05,0,23,17,31,6,4,3,10,2
2024-06-06,0,28,21,33,7,5,4,10,2
2024-06-07,0,31,24,39,7,6,4,13,3
2024-06-08,0,35,26,46,8,7,5,14,3
2024-06-09,1,43,33,55,11,8,6,18,4
2024-06-10,0,29,21,36,6,5,4,12,2
2024-06-11,0,24,18,29,6,4,3,9,2
2024-06-12,1,32,26,42,8,6,4,13,3
2024-06-13,1,36,26,44,9,7,5,13,3
2024-06-14,0,31,23,40,7,6,4,13,3
2024-06-15,0,34,26,43,8,6,5,14,3
2024-06-16,0,32,25,43,8,6,5,13,3
2024-06-17,1,37,28,46,9,7,5,15,3
2024-06-18,0,24,16,28,6,4,3,9,2
2024-06-19,0,23,17,27,5,4,3,9,2
2024-06-20,1,35,26,44,9,7,5,14,3
2024-06-21,0,30,22,37,7,5,4,12,3
2024-06-22,0,34,26,45,8,7,5,13,3
2024-06-23,0,32,24,43,8,6,4,13,3
2024-06-24,0,27,20,34,7,5,4,11,2
2024-06-25,0,23,17,29,5,4,3,9,2
2024-06-26,0,21,15,26,5,4,3,9,2
2024-06-27,0,25,19,29,6,4,3,9,2
2024-06-28,0,29,22,36,7,6,4,12,2
2024-06-29,0,32,24,42,8,6,5,12,3
2024-06-30,0,32,23,41,7,6,4,12,2
2024-07-01,0,25,19,34,6,5,4,10,2
2024-07-02,0,23,17,25,5,4,3,8,2
2024-07-03,0,22,15,25,5,3,3,7,2
2024-07-04,0,24,17,27,5,5,3,9,2
2024-07-05,0,29,22,37,7,5,4,11,2
2024-07-06,0,32,24,39,7,6,4,12,3
2024-07-07,0,30,24,38,7,6,4,11,3
2024-07-08,0,26,18,32,6,5,3,9,2
2024-07-09,0,20,16,29,5,4,3,7,1
2024-07-10,0,20,14,25,4,3,2,7,1
2024-07-11,0,23,16,28,5,4,3,9,2
2024-07-12,0,27,20,33,6,5,4,11,2
2024-07-13,0,30,23,40,8,6,4,13,3
2024-07-14,0,28,22,37,7,6,4,12,2
2024-07-15,0,26,17,33,6,5,3,10,2
2024-07-16,0,19,14,26,5,3,3,8,2
2024-07-17,0,18,14,23,4,3,2,7,1
2024-07-18,0,22,15,25,5,4,3,8,2
2024-07-19,0,27,19,34,6,5,4,11,2
2024-07-20,0,30,20,36,7,6,4,11,3
2024-07-21,0,28,21,36,7,5,4,12,2
2024-07-22,0,22,17,31,5,4,3,9,2
2024-07-23,0,17,13,22,4,4,2,7,2
2024-07-24,0,17,13,22,4,3,2,7,1
2024-07-25,0,20,15,27,5,4,3,8,2
2024-07-26,0,25,18,33,6,5,3,10,2
2024-07-27,0,30,20,35,7,5,4,11,2
2024-07-28,0,27,21,35,7,5,4,10,2
2024-07-29,0,22,18,30,5,4,3,9,2
2024-07-30,0,18,13,23,4,3,2,7,1
2024-07-31,0,16,12,21,4,3,2,6,1
2024-08-01,0,20,15,26,4,3,3,8,2
2024-08-02,1,35,27,43,8,7,5,13,3
2024-08-03,0,29,20,33,7,5,4,11,2
2024-08-04,0,28,20,33,6,5,4,11,2
2024-08-05,0,24,15,28,5,4,3,9,2
2024-08-06,0,18,13,23,4,3,2,7,1
2024-08-07,0,18,12,21,3,2,2,6,1
2024-08-08,0,18,14,25,4,3,3,8,1
2024-08-09,0,26,18,32,6,4,3,9,2
2024-08-10,0,27,21,34,6,5,4,12,2
2024-08-11,0,26,20,33,6,4,3,10,2
2024-08-12,0,21,16,28,5,4,3,8,2
2024-08-13,0,16,11,19,4,3,2,7,1
2024-08-14,0,15,12,20,4,2,2,6,1
2024-08-15,0,18,13,22,4,3,2,7,1
2024-08-16,0,24,17,31,5,5,3,9,2
2024-08-17,0,26,20,33,6,5,4,11,2
2024-08-18,0,26,19,32,6,5,3,10,2
2024-08-19,0,22,15,28,4,3,3,8,2
2024-08-20,0,16,12,19,4,3,2,6,1
2024-08-21,0,15,12,19,3,3,2,6,1
2024-08-22,0,18,12,22,4,3,2,6,1
2024-08-23,0,25,18,30,6,4,3,9,2
2024-08-24,0,26,19,35,6,5,4,11,2
2024-08-25,0,26,17,31,6,5,3,9,2
2024-08-26,0,19,14,24,5,3,3,7,2
2024-08-27,0,15,11,18,4,3,2,6,1
2024-08-28,0,15,10,18,4,3,2,6,1
2024-08-29,0,19,13,22,4,3,2,7,1
2024-08-30,0,21,15,28,5,4,3,9,2
2024-08-31,0,26,19,34,6,5,4,11,2
2024-09-01,0,24,17,33,6,4,3,9,2
2024-09-02,0,18,16,26,4,4,3,7,2
2024-09-03,0,15,11,22,3,2,2,6,1
2024-09-04,0,15,11,18,3,3,2,5,1
2024-09-05,0,16,13,23,4,3,2,6,1
2024-09-06,0,22,17,29,5,4,3,9,1
2024-09-07,0,24,18,33,6,5,3,10,2
2024-09-08,0,24,18,31,6,5,3,9,2
2024-09-09,0,21,14,24,5,3,2,7,2
2024-09-10,0,14,11,17,3,3,2,6,1
2024-09-11,0,15,10,17,3,2,1,5,1
2024-09-12,0,18,12,22,4,3,2,7,1
2024-09-13,0,21,16,28,5,4,3,9,2
2024-09-14,0,25,18,30,6,5,3,10,2
2024-09-15,1,33,25,42,8,7,5,13,3
2024-09-16,0,18,14,24,4,4,2,7,2
2024-09-17,0,15,11,18,4,3,2,5,1
2024-09-18,0,13,10,17,3,2,1,5,1
2024-09-19,0,16,13,22,4,3,2,7,1
2024-09-20,0,20,15,27,5,4,3,8,2
2024-09-21,0,25,18,32,6,5,3,10,2
2024-09-22,0,23,17,31,5,4,3,9,2
2024-09-23,0,19,15,24,4,3,2,7,1
2024-09-24,0,15,11,19,3,2,2,6,1
2024-09-25,0,11,10,18,3,2,2,5,1
2024-09-26,0,15,12,19,4,3,2,7,1
2024-09-27,0,24,16,28,5,4,3,9,2
2024-09-28,1,34,27,43,8,7,5,13,3
2024-09-29,0,21,18,29,5,4,3,9,2
2024-09-30,0,18,14,24,4,4,2,7,1
2024-10-01,0,17,10,15,3,2,2,5,1
2024-10-02,0,12,9,17,3,3,1,4,1
2024-10-03,0,18,12,22,3,3,2,6,1
2024-10-04,0,22,16,25,5,4,3,8,2
2024-10-05,0,24,18,33,6,5,3,9,2
2024-10-06,0,25,17,29,6,4,3,9,2
2024-10-07,0,17,14,24,5,4,3,7,2
2024-10-08,0,13,11,18,4,2,1,5,1
2024-10-09,0,13,9,18,3,2,2,5,1
2024-10-10,0,15,12,22,4,3,2,7,1
2024-10-11,0,21,16,28,5,4,3,8,2
2024-10-12,0,26,20,32,6,5,3,10,2
2024-10-13,0,24,17,30,6,4,3,10,2
2024-10-14,0,21,15,24,4,4,2,7,1
2024-10-15,0,15,11,19,3,3,2,6,1
2024-10-16,0,15,10,18,3,3,1,5,1
2024-10-17,0,17,14,22,4,3,2,6,1
2024-10-18,0,22,17,26,6,4,3,8,2
2024-10-19,0,27,20,32,6,5,3,10,2
2024-10-20,0,24,18,30,6,4,3,9,2
2024-10-21,0,20,14,26,5,4,3,8,1
2024-10-22,0,16,12,18,4,3,2,5,1
2024-10-23,0,15,10,18,3,2,1,5,1
2024-10-24,0,16,14,21,4,3,2,6,1
2024-10-25,0,24,17,26,5,4,3,9,2
2024-10-26,0,25,18,34,7,4,3,9,2
2024-10-27,0,26,17,31,6,5,3,10,2
2024-10-28,0,21,15,27,4,4,2,8,2
2024-10-29,0,16,11,17,4,3,2,7,1
2024-10-30,0,13,11,18,3,2,2,6,1
2024-10-31,0,18,14,22,4,3,2,7,1
2024-11-01,0,24,18,29,5,4,3,8,2
2024-11-02,0,27,19,31,6,5,4,10,2
2024-11-03,0,24,18,32,6,5,3,10,2
2024-11-04,0,22,14,28,4,4,3,8,2
2024-11-05,0,16,11,21,4,3,2,6,1
2024-11-06,0,13,11,19,3,3,2,5,1
2024-11-07,1,27,21,34,7,5,4,12,2
2024-11-08,0,23,17,29,6,4,3,9,2
2024-11-09,1,38,28,46,9,7,5,15,3
2024-11-10,0,27,20,32,6,5,3,11,2
2024-11-11,0,23,16,28,5,3,3,9,2
2024-11-12,1,27,19,34,7,5,4,10,2
2024-11-13,0,17,12,23,4,3,2,6,1
2024-11-14,0,18,16,23,4,4,2,7,2
2024-11-15,0,24,18,31,6,5,3,10,2
2024-11-16,0,28,18,33,6,5,4,11,2
2024-11-17,0,26,21,31,7,5,4,10,3
2024-11-18,0,22,16,29,5,4,3,9,2
2024-11-19,0,19,15,23,4,3,2,7,1
2024-11-20,0,17,12,20,4,3,2,6,1
2024-11-21,1,31,21,37,7,5,4,12,3
2024-11-22,0,23,17,31,6,4,3,10,2
2024-11-23,0,30,22,35,7,5,4,12,2
2024-11-24,0,27,21,34,7,5,4,10,2
2024-11-25,0,22,19,28,6,4,3,9,2
2024-11-26,0,18,14,22,4,3,2,7,1
2024-11-27,0,16,13,21,4,3,2,7,1
2024-11-28,1,32,23,39,7,6,4,12,2
2024-11-29,0,26,19,29,7,4,4,10,2
2024-11-30,0,29,22,37,7,5,4,11,3
2024-12-01,1,38,29,47,9,7,5,15,3
2024-12-02,0,25,17,29,6,4,3,10,2
2024-12-03,0,19,13,23,5,3,3,7,1
2024-12-04,0,17,14,23,4,4,2,8,1
2024-12-05,0,22,15,27,5,4,3,9,2
2024-12-06,0,26,18,32,6,5,4,11,2
2024-12-07,0,28,23,39,8,6,4,12,3
2024-12-08,0,31,21,36,7,5,4,11,2
2024-12-09,0,25,19,30,6,4,3,9,2
2024-12-10,0,20,15,26,5,4,3,7,2
2024-12-11,0,19,14,24,4,4,3,7,2
2024-12-12,0,24,19,27,5,4,3,9,2
2024-12-13,0,31,21,31,6,5,4,12,2
2024-12-14,0,32,23,38,7,6,4,12,3
2024-12-15,0,29,23,38,7,6,4,11,3
2024-12-16,0,25,19,33,6,4,3,10,2
2024-12-17,0,22,17,26,5,4,3,8,2
2024-12-18,0,18,14,25,5,4,3,8,2
2024-12-19,0,24,17,32,6,5,3,10,2
2024-12-20,0,29,22,36,7,5,4,10,2
2024-12-21,0,34,23,41,7,6,4,13,3
2024-12-22,0,32,24,37,7,6,4,12,3
2024-12-23,0,27,20,32,7,5,4,10,2
2024-12-24,0,24,16,29,5,4,3,10,2
2024-12-25,0,23,16,28,5,4,3,8,2
2024-12-26,0,25,17,30,6,5,3,9,2
2024-12-27,0,30,22,35,7,5,4,12,2
2024-12-28,0,31,25,41,8,6,4,13,3
2024-12-29,0,31,24,41,7,6,4,12,3
2024-12-30,0,27,20,35,7,5,4,11,2
2024-12-31,0,23,18,28,5,4,3,9,2
2025-01-01,0,21,17,27,5,4,3,9,2
2025-01-02,0,25,20,31,6,5,4,10,2
2025-01-03,0,30,23,37,7,6,4,12,3
2025-01-04,0,35,26,44,8,6,5,14,3
2025-01-05,0,33,25,42,8,6,4,14,3
2025-01-06,0,26,23,36,7,5,4,11,3
2025-01-07,0,24,18,30,6,5,3,9,2
2025-01-08,0,23,17,29,5,5,3,9,2
2025-01-09,0,26,21,33,6,5,4,10,2
2025-01-10,0,32,24,42,7,6,4,12,3
2025-01-11,0,34,27,45,9,7,5,13,3
2025-01-12,0,34,26,42,8,7,5,13,3
2025-01-13,0,32,20,36,7,6,4,11,2
2025-01-14,0,23,19,30,6,5,3,9,2
2025-01-15,0,23,18,30,6,4,3,9,2
2025-01-16,0,27,21,33,6,5,4,11,2
2025-01-17,0,32,24,42,8,6,5,13,3
2025-01-18,0,37,26,42,9,7,5,14,3
2025-01-19,0,36,27,45,8,7,5,14,3
2025-01-20,1,41,31,51,10,8,6,16,4
2025-01-21,1,36,28,47,9,7,5,14,3
2025-01-22,0,24,17,32,6,5,3,10,2
2025-01-23,0,27,22,35,6,5,4,11,2
2025-01-24,0,34,25,43,8,6,5,13,3
2025-01-25,0,37,28,46,9,7,5,14,3
2025-01-26,0,37,27,43,9,7,5,14,3
2025-01-27,0,32,24,40,7,6,4,13,2
2025-01-28,0,26,20,33,6,5,4,10,2
2025-01-29,0,25,19,33,6,5,4,10,2
2025-01-30,0,30,22,39,7,5,4,11,2
2025-01-31,0,35,26,44,9,7,5,13,3
2025-02-01,0,39,28,46,9,7,5,15,3
2025-02-02,0,36,25,48,9,7,5,15,3
2025-02-03,0,31,25,41,8,6,4,12,3
2025-02-04,0,28,20,33,6,5,4,11,2
2025-02-05,0,28,19,32,6,5,4,11,2
2025-02-06,0,29,23,37,7,6,4,12,3
2025-02-07,0,36,27,45,8,7,5,14,3
2025-02-08,0,39,29,48,9,7,5,15,3
2025-02-09,0,39,27,47,9,7,5,14,3
2025-02-10,0,35,25,40,8,6,5,13,3
2025-02-11,0,30,21,37,7,5,4,11,2
2025-02-12,0,27,21,32,6,5,4,10,2
2025-02-13,0,29,23,38,7,6,4,12,3
2025-02-14,1,46,35,58,12,9,7,18,4
2025-02-15,0,40,29,48,9,7,6,16,4
2025-02-16,0,38,28,49,9,7,5,15,3
2025-02-17,0,36,24,41,8,7,5,13,3
2025-02-18,0,29,22,35,7,5,4,11,2
2025-02-19,0,29,21,37,7,5,4,11,2
2025-02-20,0,32,24,40,7,6,4,13,3
2025-02-21,0,37,28,47,9,7,5,14,3
2025-02-22,0,38,31,52,10,8,6,16,4
2025-02-23,0,39,29,46,9,8,5,15,4
2025-02-24,0,38,24,44,8,7,5,14,3
2025-02-25,0,29,22,37,7,6,4,12,3
2025-02-26,0,27,20,36,7,5,4,11,2
2025-02-27,0,34,24,41,8,6,4,13,3
2025-02-28,0,38,29,47,9,7,5,14,3
2025-03-01,0,41,30,52,9,8,6,16,4
2025-03-02,0,41,31,50,10,8,5,16,4
2025-03-03,0,34,27,44,8,7,5,14,3
2025-03-04,0,30,24,38,7,6,4,12,3
2025-03-05,0,30,22,36,7,5,4,12,2
2025-03-06,0,35,24,40,8,7,5,13,3
2025-03-07,0,37,29,48,9,7,6,15,3
2025-03-08,0,43,30,54,10,8,6,16,4
2025-03-09,0,41,30,52,10,8,5,16,3
2025-03-10,0,36,26,44,9,7,5,14,3
2025-03-11,0,31,24,39,7,6,4,12,3
2025-03-12,1,39,30,50,9,7,6,16,4
2025-03-13,0,34,25,42,9,6,5,13,3
2025-03-14,0,38,27,49,9,7,5,15,3
2025-03-15,0,41,31,53,10,8,6,17,4
2025-03-16,0,42,31,47,10,8,6,16,4
2025-03-17,0,37,27,46,9,7,5,14,3
2025-03-18,0,31,22,39,8,6,4,12,3
2025-03-19,0,31,21,37,7,6,4,11,3
2025-03-20,0,35,25,43,8,6,5,13,3
2025-03-21,0,40,28,50,9,7,5,16,3
2025-03-22,0,42,31,54,10,8,6,16,4
2025-03-23,0,42,31,51,10,8,6,16,4
2025-03-24,0,36,28,44,9,7,5,14,3
2025-03-25,0,33,23,36,8,6,4,13,3
2025-03-26,0,30,23,38,7,6,4,12,3
2025-03-27,0,33,25,43,8,6,5,13,3
2025-03-28,0,38,29,49,10,7,6,15,3
2025-03-29,0,42,32,54,10,8,6,17,4
2025-03-30,0,42,31,50,10,8,6,16,4
2025-03-31,1,47,34,58,11,9,6,18,4
2025-04-01,0,32,23,39,7,6,4,12,3
2025-04-02,0,31,24,38,7,6,4,11,3
2025-04-03,0,34,26,44,8,6,5,14,3
2025-04-04,0,38,28,49,9,7,5,16,4
2025-04-05,0,41,32,53,10,8,6,17,4
2025-04-06,0,42,31,50,10,8,6,16,4
2025-04-07,0,37,28,47,9,7,5,15,3
2025-04-08,0,30,24,38,7,6,4,13,3
2025-04-09,0,32,23,38,7,6,4,12,3
2025-04-10,0,36,26,44,8,6,5,12,3
2025-04-11,0,38,29,49,9,7,5,15,4
2025-04-12,0,43,31,53,10,8,6,17,4
2025-04-13,0,41,31,51,10,8,6,16,4
2025-04-14,0,37,27,44,9,7,5,14,3
2025-04-15,0,30,24,40,7,6,4,13,3
2025-04-16,0,30,23,38,7,5,4,12,3
2025-04-17,0,35,25,42,8,6,5,13,3
2025-04-18,0,40,28,47,10,8,5,15,3
2025-04-19,0,42,30,53,10,8,6,17,4
2025-04-20,0,40,32,52,10,8,6,17,4
2025-04-21,0,34,27,45,9,7,5,14,3
2025-04-22,0,31,24,40,7,6,4,13,3
2025-04-23,0,30,21,38,7,5,4,12,3
2025-04-24,0,33,26,41,8,6,5,13,3
2025-04-25,0,39,28,47,9,8,5,15,3
2025-04-26,0,41,31,51,10,8,6,16,4
2025-04-27,0,41,30,51,10,8,6,15,3
2025-04-28,0,37,26,45,9,7,5,14,3
2025-04-29,0,31,23,40,7,6,4,12,3
2025-04-30,0,28,22,38,7,5,4,11,2
2025-05-01,0,32,25,42,8,7,4,13,3
2025-05-02,0,39,30,48,9,7,5,15,3
2025-05-03,0,42,32,51,10,8,6,17,4
2025-05-04,0,41,28,51,9,7,6,16,4
2025-05-05,0,37,26,44,9,7,5,13,3
2025-05-06,0,30,21,37,8,6,4,12,3
2025-05-07,0,31,21,38,7,6,4,12,3
2025-05-08,0,33,24,42,8,6,4,12,3
2025-05-09,0,35,28,46,9,7,5,14,3
2025-05-10,0,43,30,50,10,8,6,16,4
2025-05-11,0,39,29,49,10,8,5,16,3
2025-05-12,0,34,26,44,8,6,4,14,3
2025-05-13,0,31,21,38,7,6,4,12,3
2025-05-14,0,27,21,36,7,5,4,12,2
2025-05-15,0,31,23,40,8,6,4,13,3
2025-05-16,0,39,28,45,9,7,5,14,3
2025-05-17,0,41,30,51,10,8,6,16,3
2025-05-18,0,40,30,49,9,8,5,15,3
2025-05-19,0,34,26,42,8,6,5,14,3
2025-05-20,0,28,21,35,7,6,4,11,3
2025-05-21,0,29,21,35,6,5,3,10,2
2025-05-22,0,32,23,40,7,6,4,12,3
2025-05-23,0,37,27,44,9,7,5,14,3
2025-05-24,0,40,30,50,9,8,6,16,3
2025-05-25,0,37,27,48,9,7,5,14,4
2025-05-26,0,36,26,41,8,6,5,13,3
2025-05-27,0,29,23,37,7,5,4,11,2
2025-05-28,0,27,20,34,6,5,4,10,2
2025-05-29,0,30,23,39,7,5,4,13,3
2025-05-30,0,36,27,45,8,7,5,14,3
2025-05-31,1,50,37,62,12,9,7,19,4
2025-06-01,0,38,28,48,9,7,5,15,3
2025-06-02,0,34,25,41,8,6,4,13,3
2025-06-03,0,28,21,34,7,5,4,11,2
2025-06-04,0,27,22,33,7,5,4,10,2
2025-06-05,0,30,22,36,7,5,4,11,3
2025-06-06,0,36,25,44,8,7,5,14,3
2025-06-07,1,48,35,62,12,9,7,19,4
2025-06-08,0,36,27,46,9,7,5,14,3
2025-06-09,0,32,25,41,8,6,4,12,3
2025-06-10,0,27,20,33,7,5,4,11,2
2025-06-11,0,25,19,33,6,5,3,10,2
2025-06-12,0,28,22,38,7,6,4,11,3
2025-06-13,0,34,25,44,8,6,5,13,3
2025-06-14,0,38,27,45,9,7,5,15,3
2025-06-15,0,36,26,46,9,7,5,14,3
2025-06-16,0,31,24,40,8,6,4,12,3
2025-06-17,0,25,21,33,6,5,4,10,2
2025-06-18,0,25,17,32,6,4,4,9,2
2025-06-19,0,27,21,34,7,6,4,11,3
2025-06-20,0,35,26,42,8,6,5,13,3
2025-06-21,0,36,27,47,9,7,5,15,3
2025-06-22,0,33,26,45,9,7,5,14,3
2025-06-23,0,30,21,39,7,6,4,12,3
2025-06-24,0,25,20,31,6,5,3,10,2
2025-06-25,0,25,18,29,6,4,3,9,2
2025-06-26,0,27,19,34,6,5,4,11,2
2025-06-27,0,31,25,41,7,6,4,12,3
2025-06-28,0,35,25,44,8,7,5,14,3
2025-06-29,0,34,25,42,8,6,5,14,3
2025-06-30,0,27,22,37,7,5,4,11,2
2025-07-01,0,26,19,31,6,4,3,10,2
2025-07-02,0,22,17,29,5,4,3,9,2
2025-07-03,0,28,19,34,6,5,4,11,2
2025-07-04,0,32,22,39,7,6,4,13,3
2025-07-05,0,35,25,43,8,7,5,13,3
2025-07-06,0,34,24,43,8,6,5,14,3
2025-07-07,1,39,28,47,9,7,5,15,3
2025-07-08,0,24,18,29,6,4,3,9,2
2025-07-09,0,22,15,30,5,4,3,9,2
2025-07-10,0,26,18,31,6,5,4,9,2
2025-07-11,0,30,23,38,7,6,4,11,3
2025-07-12,0,33,25,42,8,7,4,12,3
2025-07-13,0,34,24,38,8,6,5,13,3
2025-07-14,0,27,20,34,7,5,4,11,2
2025-07-15,0,23,17,27,5,4,3,8,2
2025-07-16,0,21,16,27,5,3,3,9,2
2025-07-17,1,34,26,45,8,6,4,13,3
2025-07-18,0,30,22,34,7,5,4,12,2
2025-07-19,0,33,24,40,8,6,4,13,3
2025-07-20,1,40,32,52,11,8,6,16,4
2025-07-21,0,27,20,31,6,5,4,10,2
2025-07-22,0,21,17,29,5,4,3,8,2
2025-07-23,0,21,16,26,5,4,3,8,2
2025-07-24,0,24,17,31,5,5,3,9,2
2025-07-25,0,29,21,35,7,5,4,11,2
2025-07-26,0,33,24,39,8,6,4,13,3
2025-07-27,0,30,22,38,7,5,4,12,3
2025-07-28,0,27,20,35,6,5,4,9,2
2025-07-29,0,20,15,28,5,4,3,8,2
2025-07-30,0,21,15,25,4,3,2,8,1
2025-07-31,0,22,17,29,6,4,3,8,2
2025-08-01,0,26,20,36,7,5,4,11,2
2025-08-02,1,41,31,54,10,8,6,16,4
2025-08-03,0,29,24,38,7,5,4,11,3
2025-08-04,0,25,18,31,6,5,3,10,2
2025-08-05,0,20,15,25,5,4,3,8,2
2025-08-06,0,20,12,24,5,3,2,7,2
2025-08-07,0,22,17,27,5,4,3,9,2
2025-08-08,0,26,21,35,7,5,4,10,2
2025-08-09,0,29,21,36,7,5,4,12,2
2025-08-10,0,29,20,36,7,6,4,11,3
2025-08-11,0,22,17,31,6,5,3,8,2
2025-08-12,0,19,15,25,4,4,3,7,1
2025-08-13,0,19,14,22,4,3,2,7,1
2025-08-14,0,21,15,27,5,4,3,8,1
2025-08-15,0,27,20,35,6,5,4,10,2
2025-08-16,0,28,22,36,7,5,4,11,3
2025-08-17,0,30,21,34,7,5,4,11,2
2025-08-18,0,25,18,28,5,4,3,9,2
2025-08-19,0,19,13,24,5,3,2,7,1
2025-08-20,0,20,14,20,4,3,2,7,1
2025-08-21,0,21,15,27,5,4,3,8,2
2025-08-22,0,27,21,31,6,5,4,10,2
2025-08-23,0,30,21,37,7,5,4,12,2
2025-08-24,0,28,20,34,6,5,4,11,2
2025-08-25,0,21,17,29,5,4,3,9,2
2025-08-26,0,19,14,21,4,3,2,6,1
2025-08-27,0,17,13,23,4,3,2,6,1
