ds,is_holiday,O_positive,A_positive,B_positive,AB_positive,O_negative,A_negative,B_negative,AB_negative
2022-01-01,0,8,7,11,2,8,1,0,1
2022-01-02,0,12,8,7,3,12,3,3,1
2022-01-03,0,19,10,11,4,7,3,2,2
2022-01-04,0,10,9,9,4,12,4,2,2
2022-01-05,0,15,8,6,4,6,1,2,1
2022-01-06,0,12,6,8,2,12,0,1,2
2022-01-07,0,7,2,10,2,4,0,1,1
2022-01-08,0,11,4,8,3,10,2,2,1
2022-01-09,0,14,14,12,2,3,2,3,1
2022-01-10,0,15,14,11,2,11,5,2,1
2022-01-11,0,13,10,11,2,7,4,2,1
2022-01-12,0,16,14,7,4,9,1,1,1
2022-01-13,0,11,9,2,3,6,2,1,1
2022-01-14,0,12,7,6,4,6,0,2,0
2022-01-15,0,11,5,7,4,7,2,2,1
2022-01-16,0,17,10,8,2,4,2,1,1
2022-01-17,0,10,6,11,5,9,3,2,1
2022-01-18,0,19,13,12,3,4,1,1,1
2022-01-19,0,12,12,8,4,4,1,1,1
2022-01-20,0,10,7,12,2,13,3,0,1
2022-01-21,0,12,10,14,1,8,1,1,1
2022-01-22,0,11,9,10,2,15,3,3,1
2022-01-23,0,10,10,10,4,15,2,1,1
2022-01-24,0,7,12,12,3,10,4,3,2
2022-01-25,0,10,10,11,4,6,2,2,1
2022-01-26,1,7,7,3,1,17,1,1,1
2022-01-27,0,5,3,10,2,6,0,0,1
2022-01-28,0,14,8,8,3,7,1,0,1
2022-01-29,0,13,9,7,5,5,2,2,1
2022-01-30,0,16,13,11,4,8,2,1,2
2022-01-31,0,14,12,6,3,11,2,3,1
2022-02-01,0,15,10,7,5,8,3,2,1
2022-02-02,0,10,15,8,4,8,1,1,2
2022-02-03,0,5,10,5,2,5,3,1,2
2022-02-04,0,9,8,4,2,8,1,1,0
2022-02-05,0,13,9,9,3,2,3,2,1
2022-02-06,0,14,17,6,3,7,1,2,1
2022-02-07,0,18,12,10,2,6,2,2,1
2022-02-08,0,17,12,9,3,12,3,1,1
2022-02-09,0,14,12,6,3,5,1,2,1
2022-02-10,0,10,9,9,2,18,0,2,0
2022-02-11,0,11,8,4,3,7,2,0,1
2022-02-12,0,13,12,7,2,6,4,2,1
2022-02-13,0,13,5,7,3,14,2,2,2
2022-02-14,0,19,18,15,2,14,2,2,2
2022-02-15,0,11,12,8,3,4,4,1,1
2022-02-16,0,11,9,8,0,5,1,2,1
2022-02-17,0,7,11,6,4,11,1,2,1
2022-02-18,0,9,6,7,4,9,2,1,1
2022-02-19,0,10,11,9,2,10,1,0,1
2022-02-20,0,14,12,6,4,7,4,2,1
2022-02-21,0,12,13,10,3,4,4,4,1
2022-02-22,0,16,8,12,3,8,4,2,1
2022-02-23,0,10,7,8,4,8,3,2,1
2022-02-24,0,12,9,6,2,6,0,2,1
2022-02-25,0,14,9,8,2,4,0,2,2
2022-02-26,0,10,8,10,2,12,3,3,1
2022-02-27,0,14,13,9,4,9,1,1,1
2022-02-28,0,17,16,12,2,13,4,2,1
2022-03-01,0,11,12,12,2,7,3,1,1
2022-03-02,0,20,13,7,5,12,4,1,1
2022-03-03,0,9,9,2,2,7,4,1,1
2022-03-04,0,6,11,6,2,3,2,2,0
2022-03-05,0,18,10,9,3,7,2,2,1
2022-03-06,0,13,9,5,3,12,2,2,1
2022-03-07,0,17,14,11,4,8,2,2,2
2022-03-08,0,10,13,18,2,11,2,1,1
2022-03-09,0,19,7,7,2,12,3,2,0
2022-03-10,0,11,5,9,2,5,2,1,1
2022-03-11,0,13,9,9,3,10,2,1,0
2022-03-12,0,12,14,10,3,12,3,2,1
2022-03-13,0,15,12,12,4,10,1,3,1
2022-03-14,0,15,12,11,5,19,2,2,2
2022-03-15,0,17,12,10,5,5,3,2,2
2022-03-16,0,9,10,5,3,4,3,1,2
2022-03-17,0,8,10,10,3,2,1,1,1
2022-03-18,0,7,9,8,2,9,0,1,1
2022-03-19,0,13,9,12,3,11,1,1,1
2022-03-20,0,17,13,6,4,10,1,1,1
2022-03-21,0,17,11,15,6,5,1,1,1
2022-03-22,0,14,14,13,3,11,3,1,1
2022-03-23,0,13,11,7,3,13,2,1,1
2022-03-24,0,11,6,9,2,8,1,0,1
2022-03-25,0,12,2,3,3,4,1,1,1
2022-03-26,0,12,9,12,3,6,2,1,1
2022-03-27,0,11,18,10,4,9,3,1,1
2022-03-28,0,13,12,15,4,6,3,0,1
2022-03-29,0,10,16,11,3,1,3,2,1
2022-03-30,0,10,13,8,3,6,2,1,1
2022-03-31,0,3,8,5,2,5,0,1,1
2022-04-01,0,7,9,5,3,11,1,1,1
2022-04-02,0,16,9,7,3,10,1,0,1
2022-04-03,0,13,13,6,5,2,2,2,1
2022-04-04,0,13,12,11,3,9,3,3,1
2022-04-05,0,10,16,6,4,8,2,1,1
2022-04-06,0,12,13,11,3,10,2,2,1
2022-04-07,0,15,9,6,1,6,2,1,1
2022-04-08,0,13,2,2,3,2,3,2,1
2022-04-09,0,21,12,8,2,3,3,2,0
2022-04-10,0,13,4,11,2,10,2,2,1
2022-04-11,0,10,10,10,2,6,2,1,1
2022-04-12,0,10,9,9,4,5,0,1,1
2022-04-13,0,8,6,10,2,13,2,2,1
2022-04-14,0,16,5,5,3,6,4,0,1
2022-04-15,0,7,11,8,5,6,2,1,1
2022-04-16,0,12,9,8,3,4,2,0,1
2022-04-17,0,14,12,11,3,15,1,1,1
2022-04-18,0,16,10,12,4,5,2,3,2
2022-04-19,0,12,11,12,4,3,2,1,1
2022-04-20,0,10,12,7,4,8,1,2,1
2022-04-21,0,7,10,8,3,7,2,2,0
2022-04-22,0,11,10,6,4,3,4,3,1
2022-04-23,0,8,10,1,2,9,1,1,0
2022-04-24,0,12,8,8,3,10,1,1,2
2022-04-25,0,14,14,10,2,12,4,0,2
2022-04-26,0,19,11,12,3,12,2,2,1
2022-04-27,0,13,8,10,3,10,1,2,0
2022-04-28,0,2,11,10,1,3,2,1,0
2022-04-29,0,15,11,6,3,11,2,0,2
2022-04-30,0,7,11,7,3,14,2,0,0
2022-05-01,0,20,9,8,3,5,2,3,2
2022-05-02,0,12,7,14,4,10,3,2,2
2022-05-03,0,14,9,10,4,9,2,2,1
2022-05-04,0,10,12,8,3,12,3,2,1
2022-05-05,0,6,11,4,4,13,3,1,1
2022-05-06,0,10,12,8,3,6,0,1,1
2022-05-07,0,10,9,7,2,14,3,1,1
2022-05-08,0,12,13,8,4,5,2,1,1
2022-05-09,0,15,6,9,3,4,2,2,2
2022-05-10,0,13,14,11,4,11,0,2,2
2022-05-11,0,15,9,10,4,11,2,1,2
2022-05-12,0,10,8,7,2,1,3,1,1
2022-05-13,0,10,10,10,2,2,2,0,1
2022-05-14,0,8,11,7,3,5,4,2,1
2022-05-15,0,15,9,8,2,10,3,2,1
2022-05-16,0,19,14,9,4,11,1,0,3
2022-05-17,0,20,7,13,3,7,1,2,1
2022-05-18,0,10,10,13,2,5,1,0,1
2022-05-19,0,8,9,8,3,9,2,1,1
2022-05-20,0,10,8,8,1,2,4,2,1
2022-05-21,0,15,11,11,3,13,2,3,1
2022-05-22,0,12,15,12,3,13,1,1,1
2022-05-23,0,10,13,12,3,9,1,2,2
2022-05-24,0,7,14,11,2,7,4,2,1
2022-05-25,0,15,11,7,4,9,2,2,0
2022-05-26,0,14,7,10,2,11,1,2,2
2022-05-27,0,14,5,7,1,4,4,2,0
2022-05-28,0,7,10,9,2,13,1,2,2
2022-05-29,0,15,15,12,4,9,2,1,2
2022-05-30,0,20,13,12,2,3,1,3,1
2022-05-31,0,12,7,12,2,7,3,2,1
2022-06-01,0,10,8,11,1,5,2,2,1
2022-06-02,0,8,7,5,1,6,2,1,1
2022-06-03,0,5,7,10,3,7,1,1,1
2022-06-04,0,13,8,9,4,9,2,1,1
2022-06-05,0,12,14,11,4,10,2,3,1
2022-06-06,0,15,13,12,4,2,3,3,1
2022-06-07,0,11,7,12,6,14,2,1,1
2022-06-08,0,16,13,8,2,9,2,1,2
2022-06-09,0,11,8,4,2,4,1,2,0
2022-06-10,0,9,7,6,1,4,2,0,0
2022-06-11,0,11,7,6,2,3,2,2,1
2022-06-12,0,10,12,11,4,6,2,2,1
2022-06-13,0,16,12,9,4,8,3,2,1
2022-06-14,0,20,10,11,2,18,5,2,1
2022-06-15,0,8,10,9,3,10,1,1,2
2022-06-16,0,12,10,6,1,11,3,2,2
2022-06-17,0,10,7,9,2,4,2,0,1
2022-06-18,0,11,8,3,3,3,1,1,0
2022-06-19,0,14,11,7,3,11,2,2,1
2022-06-20,0,15,11,14,2,3,2,2,1
2022-06-21,0,15,12,12,2,10,3,2,1
2022-06-22,0,15,9,11,3,10,2,1,0
2022-06-23,0,6,12,11,2,7,2,1,0
2022-06-24,0,10,9,6,2,7,4,1,1
2022-06-25,0,10,13,12,2,7,2,2,1
2022-06-26,0,14,5,11,4,7,2,1,0
2022-06-27,0,14,10,12,2,12,1,2,2
2022-06-28,0,13,11,10,4,13,1,1,2
2022-06-29,0,13,12,12,3,8,0,1,1
2022-06-30,0,6,5,7,1,5,1,2,1
2022-07-01,0,11,10,6,3,11,3,1,1
2022-07-02,0,11,9,9,1,9,2,0,1
2022-07-03,0,15,12,8,4,10,3,2,2
2022-07-04,0,18,16,13,5,11,3,2,0
2022-07-05,0,9,14,10,5,12,3,0,1
2022-07-06,0,16,14,10,4,5,3,0,0
2022-07-07,0,1,12,11,3,10,3,0,1
2022-07-08,0,5,10,7,3,12,1,0,1
2022-07-09,0,10,11,8,3,11,2,1,0
2022-07-10,0,16,14,10,3,13,3,3,1
2022-07-11,0,11,13,11,4,14,2,1,2
2022-07-12,0,14,11,10,2,11,3,2,1
2022-07-13,0,16,9,9,3,6,3,2,0
2022-07-14,0,10,7,8,3,10,0,1,1
2022-07-15,0,19,9,6,2,5,1,2,1
2022-07-16,0,10,10,10,3,3,1,2,1
2022-07-17,0,11,13,9,3,10,3,2,1
2022-07-18,0,18,12,13,3,11,3,2,1
2022-07-19,0,12,8,5,4,8,2,2,1
2022-07-20,0,10,12,7,4,12,3,2,1
2022-07-21,0,12,8,10,2,7,0,2,2
2022-07-22,0,11,9,8,2,7,1,1,1
2022-07-23,0,14,9,10,5,9,1,2,0
2022-07-24,0,22,11,14,3,10,4,1,0
2022-07-25,0,19,9,12,4,9,3,2,1
2022-07-26,0,16,8,9,2,6,2,1,1
2022-07-27,0,14,5,11,4,12,4,0,2
2022-07-28,0,5,8,7,4,6,2,2,1
2022-07-29,0,11,9,9,2,0,0,1,2
2022-07-30,0,9,11,10,2,7,3,0,0
2022-07-31,0,8,12,9,3,16,3,3,1
2022-08-01,0,15,17,12,5,14,3,1,1
2022-08-02,0,15,13,7,4,10,3,1,1
2022-08-03,0,12,16,9,3,12,2,2,1
2022-08-04,0,9,8,6,3,6,1,2,1
2022-08-05,0,8,11,9,4,4,2,1,1
2022-08-06,0,11,7,7,3,6,1,0,1
2022-08-07,0,12,13,7,4,10,4,2,1
2022-08-08,0,12,10,12,2,13,2,2,1
2022-08-09,0,8,13,13,3,5,2,1,1
2022-08-10,0,9,8,5,2,4,1,3,1
2022-08-11,0,12,8,9,2,5,3,1,1
2022-08-12,0,8,8,9,3,4,2,2,1
2022-08-13,0,14,9,13,3,4,3,1,1
2022-08-14,0,9,10,10,3,8,1,2,2
2022-08-15,1,13,8,7,1,15,2,2,1
2022-08-16,0,13,12,13,4,6,0,2,0
2022-08-17,0,14,9,8,2,10,2,0,1
2022-08-18,0,8,3,7,2,10,2,0,1
2022-08-19,0,9,8,8,1,9,3,1,2
2022-08-20,0,19,13,8,4,5,1,1,1
2022-08-21,0,16,13,10,1,12,2,0,1
2022-08-22,0,17,10,14,2,9,3,2,1
2022-08-23,0,14,10,11,4,16,4,2,0
2022-08-24,0,5,8,8,1,6,2,2,1
2022-08-25,0,11,11,14,3,8,4,2,2
2022-08-26,0,7,9,8,1,13,2,1,1
2022-08-27,0,6,8,7,2,5,2,2,1
2022-08-28,0,11,10,11,3,3,1,1,1
2022-08-29,0,9,9,12,6,5,3,3,1
2022-08-30,0,14,12,9,3,11,3,2,0
2022-08-31,0,10,9,5,2,9,2,0,1
2022-09-01,0,9,4,6,2,2,2,1,1
2022-09-02,0,4,9,7,3,5,2,1,0
2022-09-03,0,15,11,4,1,13,0,2,1
2022-09-04,0,15,15,11,3,6,2,1,1
2022-09-05,0,17,10,10,3,12,3,2,1
2022-09-06,0,11,13,8,4,9,3,3,1
2022-09-07,0,7,14,9,3,5,4,0,1
2022-09-08,0,7,15,4,1,3,2,2,1
2022-09-09,0,10,7,8,3,3,0,1,1
2022-09-10,0,13,11,5,3,4,2,1,2
2022-09-11,0,10,11,7,5,3,4,4,1
2022-09-12,0,8,14,11,2,9,3,1,1
2022-09-13,0,16,7,9,5,13,1,1,0
2022-09-14,0,16,13,8,3,14,2,2,1
2022-09-15,0,13,16,11,2,6,1,3,1
2022-09-16,0,9,7,7,2,10,1,2,0
2022-09-17,0,11,4,6,3,12,2,2,1
2022-09-18,0,12,15,8,4,7,2,2,1
2022-09-19,0,11,15,7,2,14,2,2,1
2022-09-20,0,19,9,12,4,7,2,0,1
2022-09-21,0,15,9,12,3,11,2,1,1
2022-09-22,0,6,8,7,2,12,1,2,0
2022-09-23,0,12,5,4,3,6,2,1,0
2022-09-24,0,12,12,8,4,6,1,2,1
2022-09-25,0,15,10,11,4,13,4,2,1
2022-09-26,0,10,13,6,4,9,1,2,1
2022-09-27,0,5,12,13,4,11,2,3,1
2022-09-28,0,9,10,15,2,7,4,3,0
2022-09-29,0,14,6,8,2,9,1,2,2
2022-09-30,0,11,8,4,4,9,0,2,2
2022-10-01,0,11,10,9,2,10,4,1,0
2022-10-02,1,6,5,9,4,18,1,0,2
2022-10-03,0,18,12,9,4,4,2,2,1
2022-10-04,0,14,12,9,4,1,4,4,1
2022-10-05,0,11,12,8,3,9,3,2,1
2022-10-06,0,5,5,5,0,12,1,3,1
2022-10-07,0,6,11,10,3,12,2,2,2
2022-10-08,0,12,7,13,5,8,3,1,1
2022-10-09,0,12,7,12,2,9,1,0,0
2022-10-10,0,16,10,12,5,14,2,2,0
2022-10-11,0,14,11,7,3,12,2,2,1
2022-10-12,0,10,8,6,2,2,0,2,1
2022-10-13,0,5,4,9,3,6,3,3,1
2022-10-14,0,11,9,9,3,5,4,2,1
2022-10-15,0,12,12,11,1,8,0,2,2
2022-10-16,0,12,7,15,3,8,3,0,1
2022-10-17,0,14,12,6,3,11,3,2,1
2022-10-18,0,14,11,8,5,10,3,2,0
2022-10-19,0,11,14,9,4,5,3,1,1
2022-10-20,0,13,10,5,2,6,2,0,1
2022-10-21,0,12,5,7,1,5,2,2,1
2022-10-22,0,7,12,8,3,5,2,2,1
2022-10-23,0,17,15,14,6,10,3,0,0
2022-10-24,0,11,13,7,3,11,4,1,2
2022-10-25,0,10,10,10,2,11,3,1,1
2022-10-26,0,11,11,7,2,9,3,0,1
2022-10-27,0,17,9,9,3,10,2,3,1
2022-10-28,0,8,11,6,2,6,5,0,1
2022-10-29,0,10,9,7,3,14,1,1,1
2022-10-30,0,7,13,10,3,6,2,2,1
2022-10-31,0,16,12,10,3,9,3,3,2
2022-11-01,0,11,14,13,3,9,2,1,1
2022-11-02,0,11,13,5,2,8,2,1,1
2022-11-03,0,13,6,9,2,4,2,2,1
2022-11-04,0,11,8,13,4,1,2,0,1
2022-11-05,0,8,11,7,2,1,3,1,1
2022-11-06,0,15,16,12,2,9,3,2,0
2022-11-07,0,15,15,11,4,11,3,2,1
2022-11-08,0,10,9,9,3,4,1,1,1
2022-11-09,0,12,3,9,3,9,1,2,1
2022-11-10,0,3,10,5,4,1,2,1,2
2022-11-11,0,7,6,5,1,5,2,1,1
2022-11-12,0,15,12,5,2,4,1,2,1
2022-11-13,0,11,11,9,2,5,2,2,1
2022-11-14,0,17,13,14,3,10,2,3,1
2022-11-15,0,15,13,10,3,14,1,1,0
2022-11-16,0,9,6,6,4,7,3,1,1
2022-11-17,0,13,12,8,3,5,2,1,1
2022-11-18,0,12,11,7,3,8,2,2,0
2022-11-19,0,12,12,14,3,9,1,1,2
2022-11-20,0,13,13,10,4,6,1,3,1
2022-11-21,0,15,14,8,5,7,3,1,1
2022-11-22,0,13,13,10,3,8,3,1,1
2022-11-23,0,15,9,7,5,7,0,1,1
2022-11-24,0,4,6,10,3,5,3,1,1
2022-11-25,0,11,7,6,3,1,1,2,0
2022-11-26,0,13,7,6,3,7,2,1,0
2022-11-27,0,12,12,12,3,16,3,1,2
2022-11-28,0,13,5,10,4,7,2,2,0
2022-11-29,0,14,14,11,5,11,4,2,1
2022-11-30,0,13,10,8,4,11,1,3,1
2022-12-01,0,16,8,5,5,7,1,1,1
2022-12-02,0,10,12,9,3,2,2,2,2
2022-12-03,0,12,8,7,3,6,3,0,1
2022-12-04,0,16,9,12,2,2,2,4,1
2022-12-05,0,16,9,12,3,6,3,1,1
2022-12-06,0,17,10,8,4,4,2,2,1
2022-12-07,0,14,6,11,2,11,1,2,1
2022-12-08,0,10,6,8,2,0,2,1,0
2022-12-09,0,8,8,6,2,7,1,1,0
2022-12-10,0,12,9,7,3,2,2,1,1
2022-12-11,0,11,13,9,4,10,3,2,1
2022-12-12,0,20,11,10,4,8,2,1,1
2022-12-13,0,14,8,7,4,5,1,2,2
2022-12-14,0,14,8,9,1,8,0,1,1
2022-12-15,0,8,9,9,3,5,0,2,0
2022-12-16,0,8,9,5,4,1,4,1,0
2022-12-17,0,12,4,5,3,10,3,1,2
2022-12-18,0,13,12,7,5,7,3,1,1
2022-12-19,0,16,14,14,5,10,3,2,2
2022-12-20,0,18,10,8,6,7,3,1,0
2022-12-21,0,10,10,5,3,6,1,1,0
2022-12-22,0,12,5,10,3,11,2,0,1
2022-12-23,0,9,11,2,3,9,2,0,1
2022-12-24,0,12,13,7,3,13,1,3,2
2022-12-25,1,0,12,6,3,16,2,1,0
2022-12-26,0,13,7,10,4,3,3,4,2
2022-12-27,0,11,13,13,4,5,3,2,1
2022-12-28,0,13,12,8,2,13,4,1,2
2022-12-29,0,7,9,7,4,11,4,1,0
2022-12-30,0,13,6,8,2,8,2,1,1
2022-12-31,0,17,15,10,2,6,2,0,1
2023-01-01,0,14,10,14,3,10,2,3,2
2023-01-02,0,15,9,10,3,10,2,0,1
2023-01-03,0,11,14,11,4,8,2,0,1
2023-01-04,0,9,16,8,2,8,1,2,1
2023-01-05,0,8,7,9,1,9,2,0,0
2023-01-06,0,14,7,9,1,6,0,1,1
2023-01-07,0,11,10,11,2,7,2,3,0
2023-01-08,0,17,8,14,2,2,4,1,2
2023-01-09,0,17,13,8,3,9,2,1,1
2023-01-10,0,14,11,9,3,4,2,2,2
2023-01-11,0,11,9,8,3,11,0,2,0
2023-01-12,0,12,7,2,2,8,0,1,1
2023-01-13,0,11,9,7,2,8,1,2,1
2023-01-14,0,16,13,13,1,4,2,0,2
2023-01-15,0,14,11,12,4,4,2,3,1
2023-01-16,0,13,14,7,4,10,2,0,2
2023-01-17,0,12,12,8,3,11,1,2,1
2023-01-18,0,12,10,6,4,11,2,0,1
2023-01-19,0,12,15,3,3,5,2,2,1
2023-01-20,0,13,9,8,4,8,0,2,1
2023-01-21,0,13,6,8,2,9,0,3,1
2023-01-22,0,14,10,9,5,15,3,1,2
2023-01-23,0,19,11,8,3,14,1,1,1
2023-01-24,0,12,16,8,6,13,2,1,1
2023-01-25,0,11,5,7,2,0,2,1,1
2023-01-26,1,4,7,3,2,17,1,1,0
2023-01-27,0,10,8,11,2,16,1,2,0
2023-01-28,0,5,14,6,3,7,3,1,1
2023-01-29,0,14,8,5,4,6,3,2,1
2023-01-30,0,15,11,11,3,10,2,2,1
2023-01-31,0,16,11,11,4,13,2,3,1
2023-02-01,0,11,12,5,4,7,0,0,1
2023-02-02,0,10,7,9,2,0,1,1,0
2023-02-03,0,9,8,4,2,3,1,0,1
2023-02-04,0,10,13,13,2,12,3,2,0
2023-02-05,0,12,13,8,1,10,3,3,1
2023-02-06,0,14,8,12,1,14,2,2,1
2023-02-07,0,15,13,9,4,12,4,0,0
2023-02-08,0,10,10,11,3,7,3,1,1
2023-02-09,0,9,7,6,3,0,1,1,0
2023-02-10,0,8,12,4,1,5,0,2,1
2023-02-11,0,7,12,7,4,5,3,1,1
2023-02-12,0,17,7,6,5,8,1,2,2
2023-02-13,0,15,12,10,4,10,3,1,2
2023-02-14,0,10,14,11,4,9,1,1,1
2023-02-15,0,11,10,9,1,11,2,0,1
2023-02-16,0,12,12,7,3,10,3,2,1
2023-02-17,0,15,9,12,4,6,3,2,1
2023-02-18,0,12,11,11,2,11,1,1,2
2023-02-19,0,15,10,13,3,4,2,1,1
2023-02-20,0,15,14,8,4,10,2,2,1
2023-02-21,0,14,10,10,1,5,1,2,1
2023-02-22,0,6,7,11,3,13,2,1,1
2023-02-23,0,3,7,11,4,7,3,2,1
2023-02-24,0,13,7,8,4,3,1,2,1
2023-02-25,0,12,9,6,4,3,2,2,1
2023-02-26,0,16,10,9,1,10,2,1,1
2023-02-27,0,16,15,8,3,13,2,0,2
2023-02-28,0,15,11,10,2,8,2,3,2
2023-03-01,0,9,7,7,3,10,1,1,1
2023-03-02,0,9,8,7,5,2,2,1,1
2023-03-03,0,10,7,4,3,10,2,2,1
2023-03-04,0,6,11,8,3,9,1,0,1
2023-03-05,0,16,8,12,3,9,3,1,0
2023-03-06,0,17,13,14,2,2,0,1,1
2023-03-07,0,15,8,14,4,7,4,2,1
2023-03-08,0,11,8,13,2,5,2,0,0
2023-03-09,0,11,9,11,4,9,3,2,1
2023-03-10,0,12,10,7,2,9,3,1,0
2023-03-11,0,17,7,3,3,9,1,3,1
2023-03-12,0,17,9,11,5,11,2,0,1
2023-03-13,0,16,13,12,3,14,2,2,1
2023-03-14,0,12,11,7,3,13,3,2,1
2023-03-15,0,19,8,9,4,6,4,1,2
2023-03-16,0,5,6,7,3,7,1,2,0
2023-03-17,0,7,11,8,2,1,2,1,1
2023-03-18,0,16,10,7,4,12,2,2,2
2023-03-19,0,10,12,6,3,11,2,1,1
2023-03-20,0,15,13,12,3,6,2,1,2
2023-03-21,0,9,9,9,4,2,5,3,1
2023-03-22,0,11,9,7,3,4,2,2,1
2023-03-23,0,15,2,5,2,6,2,0,1
2023-03-24,0,9,13,7,3,6,1,2,1
2023-03-25,0,11,15,8,4,6,3,1,2
2023-03-26,0,18,10,8,3,14,2,1,2
2023-03-27,0,13,9,9,5,8,1,3,1
2023-03-28,0,12,12,14,5,3,2,2,1
2023-03-29,0,16,13,5,5,6,2,2,1
2023-03-30,0,10,8,12,4,6,3,2,1
2023-03-31,0,10,5,9,3,2,2,1,1
2023-04-01,0,15,10,7,4,5,3,3,1
2023-04-02,0,14,11,9,3,4,1,1,1
2023-04-03,0,16,15,12,4,9,3,2,1
2023-04-04,0,12,15,11,4,7,3,2,1
2023-04-05,0,9,10,8,2,8,2,2,2
2023-04-06,0,10,5,8,3,0,1,0,1
2023-04-07,0,13,10,5,3,5,2,1,1
2023-04-08,0,11,11,8,2,8,2,1,0
2023-04-09,0,11,12,10,3,12,2,0,1
2023-04-10,0,13,13,9,5,12,1,2,1
2023-04-11,0,7,7,7,2,5,3,2,2
2023-04-12,0,13,9,5,1,5,1,1,1
2023-04-13,0,4,10,7,4,3,1,1,1
2023-04-14,0,9,9,6,2,2,0,4,1
2023-04-15,0,11,8,14,2,8,4,2,0
2023-04-16,0,13,12,5,3,10,3,2,1
2023-04-17,0,13,12,16,3,13,2,2,2
2023-04-18,0,12,11,14,4,11,3,2,1
2023-04-19,0,11,9,11,5,6,2,1,1
2023-04-20,0,12,6,9,1,7,2,1,2
2023-04-21,0,12,13,3,1,4,0,0,1
2023-04-22,0,16,11,6,0,4,2,0,1
2023-04-23,0,12,9,8,3,8,4,1,1
2023-04-24,0,14,12,11,4,7,3,2,1
2023-04-25,0,14,11,9,4,8,3,1,1
2023-04-26,0,11,13,9,3,6,3,1,1
2023-04-27,0,10,13,10,1,0,3,1,1
2023-04-28,0,11,6,5,3,16,1,2,0
2023-04-29,0,9,10,7,4,10,1,2,1
2023-04-30,0,12,9,13,2,12,1,2,1
2023-05-01,0,9,16,14,4,15,1,1,1
2023-05-02,0,14,12,7,3,12,1,2,1
2023-05-03,0,10,9,9,1,7,2,2,1
2023-05-04,0,6,9,10,3,10,2,3,1
2023-05-05,0,14,7,8,2,5,0,1,0
2023-05-06,0,13,12,11,2,4,2,1,0
2023-05-07,0,13,14,11,4,11,3,2,1
2023-05-08,0,14,8,15,4,12,1,3,2
2023-05-09,0,11,12,9,3,1,3,1,2
2023-05-10,0,9,10,11,1,11,2,1,1
2023-05-11,0,6,9,11,2,7,3,0,0
2023-05-12,0,11,7,7,0,6,1,2,1
2023-05-13,0,13,11,6,3,11,1,3,1
2023-05-14,0,18,10,4,3,6,1,2,2
2023-05-15,0,15,17,13,4,12,3,2,1
2023-05-16,0,11,12,7,5,3,2,3,3
2023-05-17,0,14,8,7,2,3,4,2,0
2023-05-18,0,11,12,7,1,10,2,2,1
2023-05-19,0,12,11,4,5,6,3,2,0
2023-05-20,0,14,10,8,4,10,2,2,1
2023-05-21,0,14,8,7,3,0,3,1,1
2023-05-22,0,7,15,9,3,10,0,0,1
2023-05-23,0,14,10,11,5,12,2,2,2
2023-05-24,0,16,6,6,2,13,2,2,1
2023-05-25,0,14,10,7,2,8,2,1,2
2023-05-26,0,12,9,9,2,12,2,1,0
2023-05-27,0,14,5,8,6,12,2,2,1
2023-05-28,0,16,13,6,4,11,3,3,1
2023-05-29,0,14,8,11,4,7,3,2,1
2023-05-30,0,13,11,12,4,10,3,1,1
2023-05-31,0,9,11,9,4,7,2,2,0
2023-06-01,0,10,10,8,3,10,2,2,1
2023-06-02,0,12,9,13,1,2,3,1,1
2023-06-03,0,6,9,9,4,6,3,1,2
2023-06-04,0,13,11,10,4,14,3,1,1
2023-06-05,0,19,9,13,4,11,0,3,0
2023-06-06,0,6,7,6,4,7,2,2,1
2023-06-07,0,6,12,8,3,10,1,1,1
2023-06-08,0,8,9,11,4,3,0,1,0
2023-06-09,0,8,7,11,4,5,2,2,1
2023-06-10,0,11,8,9,2,5,2,2,1
2023-06-11,0,13,8,13,4,9,2,3,1
2023-06-12,0,14,12,8,4,9,2,1,1
2023-06-13,0,20,16,10,4,5,3,2,1
2023-06-14,0,16,6,7,3,6,1,2,1
2023-06-15,0,12,12,10,2,7,2,1,1
2023-06-16,0,7,8,9,1,8,1,0,2
2023-06-17,0,9,10,9,3,10,2,2,0
2023-06-18,0,17,15,7,3,12,3,1,1
2023-06-19,0,11,12,13,3,7,4,2,1
2023-06-20,0,14,13,12,3,5,5,2,1
2023-06-21,0,11,9,9,2,8,2,2,2
2023-06-22,0,7,10,6,3,5,1,1,1
2023-06-23,0,11,10,9,3,8,2,1,0
2023-06-24,0,15,7,12,0,3,3,2,2
2023-06-25,0,17,14,13,3,10,2,2,2
2023-06-26,0,13,10,8,2,14,2,1,1
2023-06-27,0,17,13,12,4,5,0,2,1
2023-06-28,0,9,8,7,4,4,3,2,1
2023-06-29,0,9,11,6,2,9,2,0,1
2023-06-30,0,16,7,3,3,3,3,2,2
2023-07-01,0,13,12,9,4,5,2,2,1
2023-07-02,0,15,12,9,2,16,1,0,2
2023-07-03,0,12,12,16,5,9,2,2,1
2023-07-04,0,13,6,7,3,6,3,1,1
2023-07-05,0,15,5,5,4,0,1,1,0
2023-07-06,0,10,9,12,2,8,3,1,1
2023-07-07,0,10,7,4,4,5,1,0,1
2023-07-08,0,12,10,8,1,16,2,3,1
2023-07-09,0,17,10,16,3,6,1,2,0
2023-07-10,0,16,12,11,5,12,3,3,2
2023-07-11,0,14,10,5,4,12,2,0,1
2023-07-12,0,12,8,10,4,9,2,1,1
2023-07-13,0,11,6,7,3,7,0,2,2
2023-07-14,0,5,11,10,1,5,2,2,1
2023-07-15,0,12,9,8,3,9,1,1,1
2023-07-16,0,18,12,10,3,11,2,1,1
2023-07-17,0,15,17,8,3,7,2,2,1
2023-07-18,0,11,11,10,2,5,1,2,1
2023-07-19,0,13,7,6,5,8,3,3,1
2023-07-20,0,3,10,11,2,4,1,1,1
2023-07-21,0,16,9,10,2,6,0,3,1
2023-07-22,0,13,10,9,1,3,5,1,1
2023-07-23,0,10,13,14,3,2,2,3,1
2023-07-24,0,17,16,9,2,13,3,1,1
2023-07-25,0,17,6,13,5,4,2,2,1
2023-07-26,0,7,10,12,4,12,0,0,0
2023-07-27,0,11,8,10,5,6,4,2,1
2023-07-28,0,4,8,6,3,9,1,2,1
2023-07-29,0,14,6,7,3,1,1,1,1
2023-07-30,0,15,10,8,5,14,1,2,1
2023-07-31,0,17,13,10,3,11,1,2,1
2023-08-01,0,13,12,10,3,12,1,1,1
2023-08-02,0,11,6,14,4,7,2,1,2
2023-08-03,0,11,8,8,3,9,3,1,1
2023-08-04,0,9,6,6,2,0,1,2,0
2023-08-05,0,9,11,8,0,7,1,2,2
2023-08-06,0,12,14,9,2,8,2,2,1
2023-08-07,0,10,11,13,5,9,1,2,1
2023-08-08,0,20,15,8,4,14,2,2,1
2023-08-09,0,9,11,6,4,5,1,1,1
2023-08-10,0,10,6,5,2,1,2,2,0
2023-08-11,0,11,10,11,1,9,2,0,1
2023-08-12,0,11,7,11,1,18,0,2,1
2023-08-13,0,14,7,9,4,9,1,2,2
2023-08-14,0,10,10,8,2,6,1,2,2
2023-08-15,1,10,5,6,2,13,1,2,0
2023-08-16,0,7,9,9,3,5,2,2,1
2023-08-17,0,6,10,7,3,8,1,3,1
2023-08-18,0,8,4,12,3,5,3,2,2
2023-08-19,0,5,13,12,2,8,4,1,0
2023-08-20,0,13,8,8,4,10,2,1,0
2023-08-21,0,14,11,7,4,16,2,1,1
2023-08-22,0,14,12,12,2,1,3,3,1
2023-08-23,0,18,12,6,1,5,2,2,1
2023-08-24,0,8,11,7,1,8,0,2,1
2023-08-25,0,6,10,5,2,11,2,2,1
2023-08-26,0,11,11,3,2,3,1,2,1
2023-08-27,0,7,15,11,4,13,3,3,1
2023-08-28,0,15,13,13,4,6,3,3,1
2023-08-29,0,19,12,13,4,7,2,3,0
2023-08-30,0,8,8,7,4,11,4,2,2
2023-08-31,0,8,6,11,3,7,2,1,1
2023-09-01,0,10,7,6,1,2,2,1,1
2023-09-02,0,18,12,13,2,9,2,2,0
2023-09-03,0,11,15,11,4,6,3,0,1
2023-09-04,0,14,11,14,5,9,1,2,1
2023-09-05,0,15,13,11,3,7,1,2,2
2023-09-06,0,12,4,12,3,13,1,2,1
2023-09-07,0,12,13,9,2,15,2,1,1
2023-09-08,0,10,8,10,5,4,3,2,1
2023-09-09,0,12,9,10,4,9,1,0,2
2023-09-10,0,11,7,4,4,12,3,1,2
2023-09-11,0,19,15,15,4,10,2,2,1
2023-09-12,0,12,9,12,2,9,2,2,2
2023-09-13,0,12,11,8,2,8,3,0,1
2023-09-14,0,15,9,6,0,11,3,2,0
2023-09-15,0,9,4,12,1,12,3,0,1
2023-09-16,0,14,8,11,1,6,0,0,1
2023-09-17,0,7,12,9,3,7,4,1,2
2023-09-18,0,16,10,13,3,10,2,0,1
2023-09-19,0,18,9,6,2,8,2,2,1
2023-09-20,0,9,18,4,1,10,2,2,1
2023-09-21,0,11,10,8,2,12,2,0,1
2023-09-22,0,8,6,13,2,13,1,2,1
2023-09-23,0,14,8,11,3,8,3,1,1
2023-09-24,0,15,7,12,4,15,1,3,1
2023-09-25,0,14,10,12,5,9,2,1,0
2023-09-26,0,12,11,9,4,13,4,2,2
2023-09-27,0,14,9,8,3,6,1,1,1
2023-09-28,0,5,6,7,2,2,1,1,1
2023-09-29,0,13,7,9,1,3,1,1,1
2023-09-30,0,8,12,10,3,4,2,1,0
2023-10-01,0,10,16,7,3,14,3,1,1
2023-10-02,1,12,10,6,2,15,2,1,1
2023-10-03,0,10,12,7,2,7,2,2,1
2023-10-04,0,11,8,6,1,6,1,2,1
2023-10-05,0,8,11,14,2,8,2,1,0
2023-10-06,0,10,8,10,4,6,2,2,0
2023-10-07,0,14,10,9,3,6,2,1,0
2023-10-08,0,17,13,8,5,10,2,1,1
2023-10-09,0,16,5,10,5,5,2,3,1
2023-10-10,0,13,11,11,4,10,3,1,1
2023-10-11,0,10,6,7,2,8,3,1,1
2023-10-12,0,9,7,10,0,5,3,0,1
2023-10-13,0,10,9,3,1,2,2,0,1
2023-10-14,0,12,11,6,2,9,1,1,2
2023-10-15,0,15,12,9,4,8,2,0,2
2023-10-16,0,13,16,6,2,8,3,1,1
2023-10-17,0,8,11,9,5,6,3,2,2
2023-10-18,0,7,10,13,3,6,3,1,1
2023-10-19,0,16,9,11,4,4,2,1,0
2023-10-20,0,8,13,8,3,2,0,2,0
2023-10-21,0,12,10,12,4,10,3,2,1
2023-10-22,0,8,9,10,2,10,4,2,1
2023-10-23,0,16,12,15,3,9,3,3,2
2023-10-24,0,17,8,8,3,11,1,1,0
2023-10-25,0,11,7,8,3,2,2,1,1
2023-10-26,0,8,10,9,3,4,4,1,0
2023-10-27,0,11,8,10,4,10,2,1,2
2023-10-28,0,14,10,6,3,8,1,2,1
2023-10-29,0,11,10,9,3,15,1,2,1
2023-10-30,0,16,11,12,3,7,4,2,1
2023-10-31,0,14,9,14,3,18,4,2,0
2023-11-01,0,9,10,10,3,14,2,0,1
2023-11-02,0,9,8,7,2,8,1,0,1
2023-11-03,0,4,11,3,3,6,1,1,1
2023-11-04,0,13,10,7,2,8,3,0,0
2023-11-05,0,9,7,8,3,13,1,2,1
2023-11-06,0,18,9,10,4,19,3,2,1
2023-11-07,0,9,15,10,4,8,2,1,1
2023-11-08,0,10,4,6,3,5,1,1,1
2023-11-09,0,8,11,10,2,11,2,1,1
2023-11-10,0,10,5,7,2,2,1,0,0
2023-11-11,0,6,8,3,1,5,1,0,1
2023-11-12,0,12,14,16,2,7,2,1,1
2023-11-13,0,7,13,13,4,7,2,3,1
2023-11-14,0,18,12,9,3,12,1,2,0
2023-11-15,0,10,8,9,4,10,1,0,2
2023-11-16,0,16,10,9,3,9,2,2,0
2023-11-17,0,8,5,8,3,2,1,2,2
2023-11-18,0,16,12,12,2,4,2,2,1
2023-11-19,0,11,10,12,6,6,2,1,2
2023-11-20,0,17,11,9,3,13,3,3,0
2023-11-21,0,10,10,8,3,1,3,1,2
2023-11-22,0,10,13,10,3,5,2,0,1
2023-11-23,0,10,7,13,1,6,2,2,0
2023-11-24,0,6,5,3,3,10,2,2,0
2023-11-25,0,17,8,11,4,3,0,1,1
2023-11-26,0,16,13,13,3,9,1,2,1
2023-11-27,0,11,12,13,3,15,2,2,1
2023-11-28,0,11,8,10,2,10,2,2,1
2023-11-29,0,10,6,11,3,13,3,3,1
2023-11-30,0,12,3,4,2,4,2,0,1
2023-12-01,0,8,10,4,1,10,2,3,1
2023-12-02,0,11,12,9,4,7,1,3,1
2023-12-03,0,13,11,9,3,8,2,2,1
2023-12-04,0,17,13,11,4,7,3,3,1
2023-12-05,0,15,13,9,3,5,2,2,1
2023-12-06,0,12,10,10,2,3,3,2,0
2023-12-07,0,14,4,6,2,9,2,2,0
2023-12-08,0,12,5,10,2,6,3,2,1
2023-12-09,0,11,7,13,4,13,2,1,1
2023-12-10,0,12,10,8,1,11,2,2,1
2023-12-11,0,14,10,10,4,4,3,1,1
2023-12-12,0,16,9,12,3,8,3,1,1
2023-12-13,0,15,6,9,2,10,3,0,1
2023-12-14,0,12,8,13,2,5,2,2,0
2023-12-15,0,11,12,11,2,2,2,1,0
2023-12-16,0,10,11,10,4,9,2,2,2
2023-12-17,0,14,11,10,4,11,3,1,0
2023-12-18,0,15,12,10,3,14,2,1,2
2023-12-19,0,15,10,9,3,11,3,2,0
2023-12-20,0,13,11,6,3,8,3,2,1
2023-12-21,0,7,10,9,2,6,2,2,1
2023-12-22,0,10,11,9,2,2,1,2,2
2023-12-23,0,12,13,8,3,8,0,1,1
2023-12-24,0,15,8,17,4,9,2,2,2
2023-12-25,1,12,7,5,2,24,1,2,1
2023-12-26,0,10,9,8,3,12,4,2,0
2023-12-27,0,12,8,9,3,9,1,2,1
2023-12-28,0,10,8,7,3,10,1,0,1
2023-12-29,0,10,7,12,1,8,1,1,1
2023-12-30,0,9,9,7,1,7,1,2,1
2023-12-31,0,11,10,8,3,10,3,3,2
2024-01-01,0,21,13,15,3,12,4,2,1
2024-01-02,0,10,10,11,3,8,2,2,2
2024-01-03,0,13,9,5,4,14,2,1,1
2024-01-04,0,8,7,7,4,12,3,2,1
2024-01-05,0,5,8,7,1,3,0,1,0
2024-01-06,0,13,10,8,3,13,4,2,1
2024-01-07,0,6,11,9,2,7,4,2,1
2024-01-08,0,14,13,13,3,16,0,4,1
2024-01-09,0,10,9,14,2,5,2,0,1
2024-01-10,0,10,5,9,1,8,1,2,1
2024-01-11,0,11,11,7,3,7,3,1,1
2024-01-12,0,9,7,7,3,13,1,0,0
2024-01-13,0,11,9,10,3,7,3,2,1
2024-01-14,0,19,11,13,2,10,3,2,1
2024-01-15,0,13,14,13,4,10,2,1,2
2024-01-16,0,14,8,10,3,14,2,2,1
2024-01-17,0,12,6,8,4,8,2,1,1
2024-01-18,0,10,8,8,3,5,3,1,1
2024-01-19,0,11,8,5,2,12,1,3,0
2024-01-20,0,5,10,10,2,5,1,2,2
2024-01-21,0,17,8,11,2,13,3,1,1
2024-01-22,0,11,11,12,5,11,0,2,2
2024-01-23,0,13,10,10,2,2,1,2,1
2024-01-24,0,14,9,7,2,4,3,1,0
2024-01-25,0,14,10,11,2,8,2,1,2
2024-01-26,1,5,7,3,1,16,0,0,1
2024-01-27,0,10,10,10,2,11,2,3,1
2024-01-28,0,17,15,10,4,13,1,3,1
2024-01-29,0,15,11,14,4,9,1,1,2
2024-01-30,0,10,14,13,4,11,1,0,2
2024-01-31,0,6,12,9,1,1,2,3,1
2024-02-01,0,12,11,4,2,8,3,1,2
2024-02-02,0,9,5,12,4,4,4,3,1
2024-02-03,0,10,9,7,2,10,1,1,1
2024-02-04,0,11,14,9,4,8,2,0,1
2024-02-05,0,10,7,18,5,10,3,3,1
2024-02-06,0,12,16,15,4,9,4,0,0
2024-02-07,0,15,10,12,4,2,1,2,1
2024-02-08,0,7,8,6,3,11,2,1,2
2024-02-09,0,11,8,6,3,11,2,1,1
2024-02-10,0,8,7,11,2,0,2,2,1
2024-02-11,0,10,9,10,1,9,3,2,1
2024-02-12,0,15,11,10,4,0,2,3,1
2024-02-13,0,14,12,6,3,8,4,2,1
2024-02-14,0,12,13,11,3,7,2,1,1
2024-02-15,0,12,8,9,0,10,2,3,1
2024-02-16,0,5,5,11,3,2,3,1,0
2024-02-17,0,9,11,12,3,8,0,0,1
2024-02-18,0,14,15,4,3,11,1,1,0
2024-02-19,0,12,14,10,4,10,3,2,1
2024-02-20,0,11,12,12,3,11,2,2,1
2024-02-21,0,15,8,7,2,7,3,2,0
2024-02-22,0,12,9,6,3,6,1,1,2
2024-02-23,0,11,6,8,3,8,2,2,1
2024-02-24,0,16,14,9,3,17,4,2,2
2024-02-25,0,7,12,3,4,8,2,0,1
2024-02-26,0,10,13,16,5,4,1,0,2
2024-02-27,0,15,12,10,3,12,3,3,2
2024-02-28,0,11,11,11,3,8,1,2,1
2024-02-29,0,12,8,6,1,7,1,2,1
2024-03-01,0,13,2,5,4,6,1,2,1
2024-03-02,0,14,7,8,3,6,1,0,1
2024-03-03,0,13,13,10,4,13,1,2,1
2024-03-04,0,15,11,12,4,11,3,2,1
2024-03-05,0,11,7,14,3,11,3,1,1
2024-03-06,0,13,9,6,3,7,1,1,1
2024-03-07,0,12,11,8,3,10,3,2,1
2024-03-08,0,8,6,8,3,7,3,2,1
2024-03-09,0,7,9,11,3,4,2,0,0
2024-03-10,0,17,13,8,4,13,5,1,1
2024-03-11,0,14,16,8,5,10,3,1,1
2024-03-12,0,20,14,7,3,8,3,0,1
2024-03-13,0,10,8,5,2,5,1,1,1
2024-03-14,0,16,9,5,1,0,0,1,2
2024-03-15,0,6,8,10,1,9,1,1,1
2024-03-16,0,14,10,7,4,4,3,2,1
2024-03-17,0,13,11,10,2,7,3,1,1
2024-03-18,0,12,13,10,4,12,3,1,1
2024-03-19,0,22,9,9,1,10,2,3,1
2024-03-20,0,11,11,5,1,11,3,2,1
2024-03-21,0,2,8,8,3,6,3,0,1
2024-03-22,0,13,10,10,2,6,2,2,1
2024-03-23,0,10,10,7,4,9,1,2,0
2024-03-24,0,16,16,11,2,7,1,3,2
2024-03-25,0,15,16,13,5,10,4,1,1
2024-03-26,0,14,8,6,4,10,2,2,0
2024-03-27,0,16,9,12,2,6,2,2,1
2024-03-28,0,11,5,7,1,7,2,1,1
2024-03-29,0,6,9,9,3,14,1,2,1
2024-03-30,0,9,5,11,3,8,2,3,1
2024-03-31,0,13,11,11,3,8,2,1,0
2024-04-01,0,13,13,11,3,12,3,4,1
2024-04-02,0,10,12,8,3,11,2,1,1
2024-04-03,0,14,9,9,4,9,3,2,1
2024-04-04,0,8,9,10,2,7,2,1,0
2024-04-05,0,8,10,5,2,9,2,2,1
2024-04-06,0,14,8,4,5,12,2,2,0
2024-04-07,0,14,14,7,3,12,1,1,1
2024-04-08,0,15,9,10,5,14,2,1,1
2024-04-09,0,20,11,9,4,10,2,2,1
2024-04-10,0,14,17,13,2,0,3,1,1
2024-04-11,0,11,5,6,0,0,3,1,1
2024-04-12,0,16,6,9,2,8,2,1,1
2024-04-13,0,12,8,10,4,3,2,1,1
2024-04-14,0,19,9,11,3,12,0,0,2
2024-04-15,0,11,13,12,4,14,4,2,2
2024-04-16,0,13,8,12,3,8,1,2,0
2024-04-17,0,11,6,10,2,7,2,1,2
2024-04-18,0,10,10,6,2,12,3,2,1
2024-04-19,0,10,5,6,3,8,2,1,1
2024-04-20,0,15,7,8,3,10,2,1,1
2024-04-21,0,14,10,12,2,9,2,2,1
2024-04-22,0,16,10,14,3,16,1,2,1
2024-04-23,0,11,6,9,4,4,3,2,1
2024-04-24,0,10,5,9,3,2,2,2,1
2024-04-25,0,9,8,13,3,14,1,1,1
2024-04-26,0,7,12,9,1,1,1,1,0
2024-04-27,0,11,12,4,3,5,0,2,1
2024-04-28,0,13,10,12,2,11,0,2,1
2024-04-29,0,18,10,7,2,11,2,3,2
2024-04-30,0,10,9,8,3,10,1,2,1
2024-05-01,0,18,10,11,3,6,1,0,1
2024-05-02,0,7,10,8,2,2,3,1,1
2024-05-03,0,7,8,7,3,3,2,2,0
2024-05-04,0,13,10,10,3,10,3,1,1
2024-05-05,0,11,15,8,2,15,3,1,1
2024-05-06,0,13,15,8,3,2,2,3,1
2024-05-07,0,12,10,7,3,8,1,1,1
2024-05-08,0,11,11,11,5,8,2,2,0
2024-05-09,0,8,10,8,4,5,2,3,0
2024-05-10,0,6,7,7,3,4,2,1,1
2024-05-11,0,18,9,10,2,4,1,3,1
2024-05-12,0,16,10,11,6,9,2,1,2
2024-05-13,0,17,13,11,4,17,2,2,0
2024-05-14,0,15,9,8,4,0,4,3,0
2024-05-15,0,8,5,7,3,7,1,2,1
2024-05-16,0,7,8,6,2,3,1,1,1
2024-05-17,0,10,6,10,3,3,1,0,0
2024-05-18,0,10,9,11,3,5,1,1,1
2024-05-19,0,14,11,10,3,8,3,2,1
2024-05-20,0,15,12,14,3,7,3,2,1
2024-05-21,0,13,15,16,4,10,3,2,1
2024-05-22,0,11,8,3,3,3,2,2,1
2024-05-23,0,9,5,11,4,4,3,0,0
2024-05-24,0,12,7,10,2,9,1,2,0
2024-05-25,0,15,7,7,4,4,2,2,1
2024-05-26,0,7,10,11,3,7,2,2,1
2024-05-27,0,13,10,12,6,8,2,1,1
2024-05-28,0,16,11,11,4,9,3,2,1
2024-05-29,0,9,6,7,2,10,0,2,1
2024-05-30,0,6,6,10,2,8,1,0,1
2024-05-31,0,9,7,7,2,9,1,1,1
2024-06-01,0,6,10,9,2,6,1,0,2
2024-06-02,0,19,8,11,5,11,1,2,1
2024-06-03,0,16,15,13,2,8,2,1,1
2024-06-04,0,18,15,10,5,5,3,2,1
2024-06-05,0,13,6,4,4,9,2,2,0
2024-06-06,0,12,8,2,3,5,1,2,0
2024-06-07,0,11,9,5,3,4,2,1,0
2024-06-08,0,8,11,10,4,9,2,0,2
2024-06-09,0,10,8,10,5,11,2,2,2
2024-06-10,0,13,11,14,4,10,1,2,1
2024-06-11,0,16,12,15,3,13,1,0,2
2024-06-12,0,6,8,9,2,5,3,2,1
2024-06-13,0,9,7,7,3,2,2,1,1
2024-06-14,0,9,10,6,2,6,2,2,1
2024-06-15,0,14,11,7,4,6,3,2,0
2024-06-16,0,13,11,10,5,5,1,2,1
2024-06-17,0,13,17,12,5,15,4,1,1
2024-06-18,0,11,11,8,2,4,3,1,1
2024-06-19,0,3,12,9,2,7,2,2,0
2024-06-20,0,11,6,8,3,7,3,1,0
2024-06-21,0,9,11,5,2,4,0,1,1
2024-06-22,0,15,7,6,2,10,2,2,1
2024-06-23,0,13,13,15,5,8,3,2,2
2024-06-24,0,14,14,15,6,12,3,1,2
2024-06-25,0,12,7,9,5,6,1,1,1
2024-06-26,0,10,4,7,4,16,1,3,1
2024-06-27,0,9,7,9,3,8,2,1,1
2024-06-28,0,10,10,11,2,4,2,0,1
2024-06-29,0,6,6,6,3,10,1,3,0
2024-06-30,0,9,14,9,4,10,0,4,1
2024-07-01,0,16,10,10,5,12,2,4,1
2024-07-02,0,15,8,11,3,10,3,2,1
2024-07-03,0,10,10,9,3,14,3,0,0
2024-07-04,0,8,12,5,2,15,1,1,1
2024-07-05,0,14,6,8,2,6,2,1,2
2024-07-06,0,12,10,9,4,11,1,1,1
2024-07-07,0,16,11,13,3,11,1,2,1
2024-07-08,0,5,15,8,3,13,2,2,1
2024-07-09,0,13,15,8,4,9,4,2,1
2024-07-10,0,6,12,6,3,12,1,2,1
2024-07-11,0,8,9,4,2,5,2,3,0
2024-07-12,0,12,11,7,2,10,1,2,1
2024-07-13,0,9,10,8,5,11,2,2,1
2024-07-14,0,13,14,13,4,9,4,2,1
2024-07-15,0,15,14,11,3,7,1,2,1
2024-07-16,0,11,8,7,3,14,1,2,1
2024-07-17,0,13,9,11,3,12,3,2,1
2024-07-18,0,16,8,10,3,0,1,0,1
2024-07-19,0,9,9,9,2,9,3,2,1
2024-07-20,0,14,4,9,4,5,2,1,1
2024-07-21,0,12,9,10,3,17,2,4,1
2024-07-22,0,12,9,6,3,9,3,2,0
2024-07-23,0,15,11,5,2,8,2,3,1
2024-07-24,0,17,12,6,3,7,2,1,1
2024-07-25,0,10,12,9,4,9,2,1,2
2024-07-26,0,12,2,7,3,10,2,2,1
2024-07-27,0,12,9,9,4,10,2,2,1
2024-07-28,0,16,10,9,2,6,1,1,2
2024-07-29,0,10,15,10,5,9,2,2,1
2024-07-30,0,10,11,10,5,4,2,2,1
2024-07-31,0,12,9,11,4,8,2,3,1
2024-08-01,0,10,9,7,3,13,1,1,0
2024-08-02,0,5,8,11,1,2,2,1,0
2024-08-03,0,17,13,10,4,7,3,2,1
2024-08-04,0,15,8,11,4,12,1,2,1
2024-08-05,0,11,7,10,3,7,2,2,0
2024-08-06,0,13,8,11,4,2,2,2,1
2024-08-07,0,10,10,6,4,2,3,2,1
2024-08-08,0,10,8,9,2,12,2,1,1
2024-08-09,0,11,4,7,2,7,2,0,1
2024-08-10,0,16,7,8,3,8,1,1,1
2024-08-11,0,15,11,9,2,18,2,1,1
2024-08-12,0,10,13,13,4,7,2,1,1
2024-08-13,0,14,12,11,0,11,2,2,1
2024-08-14,0,10,8,13,2,10,3,1,2
2024-08-15,1,7,2,0,1,16,0,1,0
2024-08-16,0,11,7,5,2,5,3,2,1
2024-08-17,0,17,12,11,3,8,1,2,0
2024-08-18,0,22,15,7,3,6,2,1,1
2024-08-19,0,16,10,9,4,9,4,2,1
2024-08-20,0,19,10,14,3,10,3,2,2
2024-08-21,0,14,11,8,3,7,2,4,2
2024-08-22,0,16,2,5,3,5,2,0,0
2024-08-23,0,10,13,7,1,5,1,1,1
2024-08-24,0,6,12,3,2,8,3,2,1
2024-08-25,0,12,13,8,3,7,1,2,1
2024-08-26,0,10,13,9,3,12,3,2,1
2024-08-27,0,13,14,10,2,8,2,1,1
2024-08-28,0,14,8,13,4,8,1,3,1
2024-08-29,0,12,8,8,2,1,2,1,1
2024-08-30,0,12,9,9,2,5,3,0,1
2024-08-31,0,16,11,8,2,11,2,2,1
2024-09-01,0,16,12,9,3,17,2,2,1
2024-09-02,0,7,11,8,3,10,2,1,1
2024-09-03,0,16,14,6,4,14,4,2,2
2024-09-04,0,13,12,8,2,12,1,2,2
2024-09-05,0,9,11,10,3,5,3,0,1
2024-09-06,0,13,4,9,4,1,2,2,1
2024-09-07,0,10,11,14,4,10,2,2,1
2024-09-08,0,16,12,16,3,8,3,1,1
2024-09-09,0,11,12,12,3,11,3,1,1
2024-09-10,0,18,6,6,5,5,3,0,2
2024-09-11,0,13,10,11,3,13,0,2,1
2024-09-12,0,8,9,8,3,5,2,2,1
2024-09-13,0,13,11,9,2,2,1,2,0
2024-09-14,0,12,7,8,4,12,3,3,2
2024-09-15,0,9,12,10,4,5,2,0,0
2024-09-16,0,12,12,13,4,8,4,1,0
2024-09-17,0,13,12,10,4,13,2,1,1
2024-09-18,0,15,12,9,4,9,0,1,1
2024-09-19,0,10,8,6,2,5,3,1,1
2024-09-20,0,12,8,6,2,8,1,0,2
2024-09-21,0,11,8,3,3,8,0,1,2
2024-09-22,0,18,9,9,4,7,2,1,1
2024-09-23,0,12,11,9,4,17,2,3,1
2024-09-24,0,11,11,10,4,14,2,1,0
2024-09-25,0,12,11,7,4,9,3,1,0
2024-09-26,0,9,9,8,3,11,0,1,1
2024-09-27,0,10,6,7,2,5,0,2,0
2024-09-28,0,15,11,6,4,5,1,2,2
2024-09-29,0,13,13,11,6,5,2,1,1
2024-09-30,0,11,11,14,0,13,1,2,1
2024-10-01,0,18,12,9,3,8,3,1,1
2024-10-02,1,7,3,9,2,17,0,2,0
2024-10-03,0,12,10,5,1,8,1,0,1
2024-10-04,0,10,4,8,2,2,2,1,1
2024-10-05,0,16,11,7,3,9,3,2,1
2024-10-06,0,15,14,9,4,10,2,1,1
2024-10-07,0,15,12,12,5,4,1,3,2
2024-10-08,0,12,13,7,2,9,1,2,0
2024-10-09,0,7,14,13,4,8,3,2,0
2024-10-10,0,2,7,5,3,4,1,1,1
2024-10-11,0,16,5,6,1,8,1,0,2
2024-10-12,0,11,6,9,5,5,3,2,1
2024-10-13,0,13,10,9,2,11,2,2,1
2024-10-14,0,9,13,15,5,12,2,2,2
2024-10-15,0,10,11,6,5,11,3,2,2
2024-10-16,0,18,11,11,3,7,3,2,1
2024-10-17,0,10,5,6,2,12,1,3,0
2024-10-18,0,11,11,9,2,11,1,2,1
2024-10-19,0,16,7,13,2,4,1,2,1
2024-10-20,0,13,9,11,4,2,3,1,1
2024-10-21,0,17,12,9,2,13,4,2,2
2024-10-22,0,13,13,13,3,13,4,2,0
2024-10-23,0,9,7,5,3,2,1,1,1
2024-10-24,0,12,6,5,1,3,3,1,1
2024-10-25,0,7,6,6,3,9,1,0,1
2024-10-26,0,11,7,8,3,3,2,2,1
2024-10-27,0,14,11,12,3,11,1,0,0
2024-10-28,0,14,14,13,4,14,3,1,2
2024-10-29,0,11,17,7,3,14,2,0,0
2024-10-30,0,12,9,10,3,4,2,1,2
2024-10-31,0,10,3,7,3,1,3,2,0
2024-11-01,0,10,9,4,2,10,2,0,1
2024-11-02,0,13,10,8,2,10,1,0,1
2024-11-03,0,13,16,8,5,8,2,2,1
2024-11-04,0,18,14,11,4,8,4,2,1
2024-11-05,0,15,11,15,1,7,2,2,0
2024-11-06,0,12,8,11,4,6,2,2,1
2024-11-07,0,10,9,7,3,2,1,3,0
2024-11-08,0,12,12,11,4,7,1,3,1
2024-11-09,0,13,6,8,2,7,0,1,0
2024-11-10,0,19,5,12,5,4,3,2,1
2024-11-11,0,16,9,11,2,10,2,2,1
2024-11-12,0,11,13,5,4,9,2,2,1
2024-11-13,0,10,6,7,5,9,2,1,1
2024-11-14,0,8,8,9,3,6,1,1,1
2024-11-15,0,7,4,5,2,6,4,0,1
2024-11-16,0,13,10,9,3,11,1,1,1
2024-11-17,0,18,14,12,4,3,2,2,1
2024-11-18,0,15,11,10,4,15,3,1,1
2024-11-19,0,14,13,10,3,18,2,1,1
2024-11-20,0,12,9,9,3,11,4,2,1
2024-11-21,0,15,5,10,2,11,2,2,1
2024-11-22,0,11,6,3,2,8,2,1,1
2024-11-23,0,10,10,8,6,13,2,2,1
2024-11-24,0,10,13,10,3,10,3,1,2
2024-11-25,0,15,14,9,4,12,4,3,2
2024-11-26,0,16,10,9,3,13,3,1,2
2024-11-27,0,9,12,10,2,7,2,0,1
2024-11-28,0,10,5,10,1,4,0,1,0
2024-11-29,0,2,4,5,2,6,3,1,1
2024-11-30,0,13,12,9,3,11,0,2,0
2024-12-01,0,9,13,10,3,13,1,1,1
2024-12-02,0,10,8,7,3,11,3,3,1
2024-12-03,0,14,12,9,3,9,3,2,1
2024-12-04,0,12,11,9,2,5,2,1,1
2024-12-05,0,7,6,7,2,8,2,0,1
2024-12-06,0,13,4,7,2,5,3,2,2
2024-12-07,0,14,10,5,2,0,2,1,1
2024-12-08,0,11,11,9,3,9,2,2,1
2024-12-09,0,12,10,13,4,10,1,3,1
2024-12-10,0,9,11,10,3,10,2,2,0
2024-12-11,0,18,10,9,4,7,2,1,1
2024-12-12,0,2,7,12,4,6,3,2,1
2024-12-13,0,13,7,6,4,5,1,1,1
2024-12-14,0,11,8,6,2,8,2,2,1
2024-12-15,0,8,8,14,5,6,3,3,1
2024-12-16,0,18,11,9,3,9,2,3,1
2024-12-17,0,15,13,12,3,2,4,1,0
2024-12-18,0,8,9,11,3,10,2,1,1
2024-12-19,0,6,8,9,2,8,2,2,1
2024-12-20,0,8,5,5,3,2,1,1,1
2024-12-21,0,10,9,5,3,9,2,1,0
2024-12-22,0,14,14,11,4,5,2,1,1
2024-12-23,0,15,16,9,5,7,2,2,1
2024-12-24,0,15,12,13,2,7,2,0,1
2024-12-25,1,5,10,10,0,15,2,2,0
2024-12-26,0,10,8,2,3,0,0,1,1
2024-12-27,0,8,7,7,4,7,3,0,1
2024-12-28,0,11,10,10,3,11,1,1,1
2024-12-29,0,9,13,10,2,4,2,2,1
2024-12-30,0,16,15,12,3,12,1,2,1
2024-12-31,0,14,10,15,1,10,3,2,2
2025-01-01,0,8,9,8,5,9,3,2,2
2025-01-02,0,6,10,9,3,13,0,0,1
2025-01-03,0,12,14,9,3,8,2,1,1
2025-01-04,0,17,7,11,4,12,4,1,0
2025-01-05,0,12,10,11,4,4,3,2,2
2025-01-06,0,19,9,8,3,7,4,1,0
2025-01-07,0,13,12,7,5,15,3,2,0
2025-01-08,0,12,8,9,2,2,4,2,1
2025-01-09,0,11,9,3,3,3,0,3,1
2025-01-10,0,14,10,7,2,7,3,0,0
2025-01-11,0,18,8,13,2,6,2,1,1
2025-01-12,0,14,12,8,2,6,3,1,1
2025-01-13,0,15,12,9,3,10,1,2,1
2025-01-14,0,13,12,13,3,12,3,2,0
2025-01-15,0,15,9,12,4,5,1,2,1
2025-01-16,0,10,11,8,1,4,0,1,1
2025-01-17,0,9,9,8,1,8,1,1,1
2025-01-18,0,10,14,9,3,12,1,1,1
2025-01-19,0,10,12,12,5,10,2,3,1
2025-01-20,0,11,12,8,3,12,4,1,1
2025-01-21,0,11,11,8,4,12,3,1,1
2025-01-22,0,15,13,10,3,1,1,1,1
2025-01-23,0,11,13,5,1,12,1,0,1
2025-01-24,0,5,11,8,2,10,0,2,1
2025-01-25,0,11,11,11,1,7,0,2,1
2025-01-26,1,13,4,6,2,16,2,0,0
2025-01-27,0,18,11,14,2,16,2,1,1
2025-01-28,0,11,12,10,3,3,2,3,1
2025-01-29,0,10,8,9,3,5,2,1,1
2025-01-30,0,11,10,6,2,16,2,0,1
2025-01-31,0,11,9,8,2,7,3,1,0
2025-02-01,0,12,10,14,3,10,2,0,1
2025-02-02,0,3,12,12,2,8,0,1,2
2025-02-03,0,21,11,11,5,9,2,0,1
2025-02-04,0,14,9,7,3,16,3,1,1
2025-02-05,0,12,10,2,3,7,1,1,2
2025-02-06,0,5,10,7,3,9,2,1,1
2025-02-07,0,5,9,5,3,6,2,0,1
2025-02-08,0,11,11,6,2,7,1,2,2
2025-02-09,0,20,7,8,4,4,0,2,2
2025-02-10,0,12,9,11,2,9,2,2,1
2025-02-11,0,14,13,7,6,9,3,2,1
2025-02-12,0,8,14,9,3,13,0,2,0
2025-02-13,0,6,11,10,3,2,1,1,1
2025-02-14,0,12,10,7,2,11,2,1,0
2025-02-15,0,10,12,8,1,13,2,1,1
2025-02-16,0,12,11,7,4,15,5,1,2
2025-02-17,0,16,12,12,3,9,2,2,1
2025-02-18,0,14,8,15,3,10,4,2,2
2025-02-19,0,8,9,13,3,4,1,0,1
2025-02-20,0,17,7,6,2,3,2,2,1
2025-02-21,0,10,10,7,1,7,1,1,2
2025-02-22,0,9,6,10,3,6,3,1,2
2025-02-23,0,13,13,13,4,11,4,2,2
2025-02-24,0,13,16,7,2,7,2,2,2
2025-02-25,0,11,9,9,1,12,2,2,1
2025-02-26,0,17,12,9,3,8,1,1,1
2025-02-27,0,9,4,6,3,3,2,2,1
2025-02-28,0,8,13,7,1,11,3,1,1
2025-03-01,0,7,11,6,5,3,3,3,1
2025-03-02,0,14,12,7,2,4,1,3,1
2025-03-03,0,16,16,7,4,11,2,2,1
2025-03-04,0,14,9,11,4,9,2,3,2
2025-03-05,0,11,7,9,3,5,0,2,1
2025-03-06,0,17,8,3,2,16,3,1,0
2025-03-07,0,11,8,6,2,4,2,2,1
2025-03-08,0,6,10,10,3,1,1,1,2
2025-03-09,0,15,9,11,4,5,2,3,1
2025-03-10,0,14,16,10,4,7,1,2,1
2025-03-11,0,13,18,14,6,9,2,2,0
2025-03-12,0,9,8,9,2,10,3,1,1
2025-03-13,0,15,2,7,4,9,1,1,1
2025-03-14,0,7,2,6,2,8,2,1,1
2025-03-15,0,9,7,11,4,9,1,1,1
2025-03-16,0,13,9,13,2,8,2,2,1
2025-03-17,0,9,14,12,3,5,3,2,1
2025-03-18,0,15,12,8,5,4,0,3,1
2025-03-19,0,7,9,7,3,6,2,2,2
2025-03-20,0,10,7,6,3,7,3,2,0
2025-03-21,0,12,8,6,0,4,2,1,2
2025-03-22,0,12,8,7,4,10,3,2,1
2025-03-23,0,7,14,10,1,7,1,3,1
2025-03-24,0,12,10,9,3,11,3,0,1
2025-03-25,0,16,11,18,4,10,2,1,1
2025-03-26,0,14,8,5,3,9,2,2,1
2025-03-27,0,11,8,8,1,4,0,1,1
2025-03-28,0,13,11,8,1,10,3,2,1
2025-03-29,0,8,11,8,4,5,2,2,1
2025-03-30,0,9,9,10,5,8,3,2,1
2025-03-31,0,17,14,10,5,14,1,2,2
2025-04-01,0,16,12,12,6,11,2,1,2
2025-04-02,0,14,12,12,3,8,3,2,1
2025-04-03,0,7,8,9,2,0,2,1,1
2025-04-04,0,13,5,6,3,8,3,2,1
2025-04-05,0,15,10,8,3,10,0,1,0
2025-04-06,0,10,16,9,4,8,3,1,1
2025-04-07,0,19,13,11,2,6,3,0,2
2025-04-08,0,17,10,8,3,10,2,3,0
2025-04-09,0,14,9,6,3,1,3,3,0
2025-04-10,0,8,6,7,2,9,2,1,1
2025-04-11,0,6,5,6,3,2,2,1,1
2025-04-12,0,11,7,8,1,6,3,0,1
2025-04-13,0,12,15,10,4,2,3,2,1
2025-04-14,0,14,13,12,2,18,3,1,2
2025-04-15,0,10,10,12,4,14,3,1,1
2025-04-16,0,8,9,9,4,8,2,1,0
2025-04-17,0,8,11,6,2,3,1,1,1
2025-04-18,0,6,11,8,1,3,1,3,1
2025-04-19,0,13,10,9,1,9,2,1,1
2025-04-20,0,17,8,9,5,11,3,2,1
2025-04-21,0,13,15,9,4,7,2,1,1
2025-04-22,0,12,10,8,4,5,2,3,1
2025-04-23,0,13,11,6,5,13,2,2,1
2025-04-24,0,8,5,7,4,4,1,1,1
2025-04-25,0,13,13,8,3,12,1,1,1
2025-04-26,0,12,9,7,3,12,2,2,1
2025-04-27,0,20,11,5,2,7,2,1,1
2025-04-28,0,16,8,12,2,11,2,1,0
2025-04-29,0,13,10,9,2,4,2,2,1
2025-04-30,0,14,7,10,3,7,2,0,0
2025-05-01,0,12,7,6,2,15,2,2,1
2025-05-02,0,9,4,7,2,5,1,2,2
2025-05-03,0,12,8,11,3,12,1,1,1
2025-05-04,0,12,8,10,3,9,2,1,1
2025-05-05,0,13,9,9,4,6,3,1,1
2025-05-06,0,14,12,12,0,12,3,1,1
2025-05-07,0,8,6,7,3,9,2,2,1
2025-05-08,0,4,8,8,6,11,1,0,1
2025-05-09,0,12,5,8,3,6,1,1,1
2025-05-10,0,12,10,17,3,11,2,0,1
2025-05-11,0,15,11,11,2,7,2,2,1
2025-05-12,0,16,13,10,2,12,4,2,2
2025-05-13,0,13,6,7,4,9,3,2,1
2025-05-14,0,13,11,9,2,5,2,3,1
2025-05-15,0,13,7,11,2,8,2,3,1
2025-05-16,0,10,6,9,2,8,0,2,1
2025-05-17,0,14,10,10,4,4,2,3,1
2025-05-18,0,12,15,12,6,12,3,2,1
2025-05-19,0,18,10,12,4,12,2,1,2
2025-05-20,0,9,9,13,2,10,3,1,1
2025-05-21,0,12,9,14,4,2,3,2,0
2025-05-22,0,12,7,10,4,4,2,1,1
2025-05-23,0,12,6,10,3,4,1,2,1
2025-05-24,0,8,9,10,3,12,2,1,1
2025-05-25,0,10,10,10,3,6,2,2,1
2025-05-26,0,15,12,8,3,8,3,3,2
2025-05-27,0,17,13,8,4,6,2,2,1
2025-05-28,0,14,11,9,3,6,1,2,1
2025-05-29,0,7,9,10,4,2,3,0,0
2025-05-30,0,9,7,10,3,8,3,1,0
2025-05-31,0,11,10,2,3,2,1,3,1
2025-06-01,0,16,8,8,2,7,2,2,1
2025-06-02,0,16,13,7,1,9,3,2,1
2025-06-03,0,12,13,8,3,1,1,2,1
2025-06-04,0,5,14,11,2,5,1,1,1
2025-06-05,0,8,9,9,3,7,1,0,0
2025-06-06,0,8,7,5,2,0,1,1,1
2025-06-07,0,8,14,9,3,9,2,2,1
2025-06-08,0,18,11,10,2,9,3,0,1
2025-06-09,0,18,10,12,3,10,2,2,1
2025-06-10,0,15,14,11,4,15,1,2,1
2025-06-11,0,12,13,10,1,5,3,2,1
2025-06-12,0,9,11,9,2,8,2,1,1
2025-06-13,0,13,9,7,3,14,1,0,1
2025-06-14,0,12,13,11,1,8,2,1,1
2025-06-15,0,16,9,13,3,7,0,2,2
2025-06-16,0,16,14,11,4,10,1,3,1
2025-06-17,0,17,12,13,3,8,2,0,1
2025-06-18,0,17,11,8,4,10,3,2,1
2025-06-19,0,10,5,5,2,10,1,1,1
2025-06-20,0,10,7,6,2,10,1,2,1
2025-06-21,0,13,11,9,2,4,1,2,1
2025-06-22,0,10,12,15,3,8,3,3,1
2025-06-23,0,19,12,12,4,7,2,2,1
2025-06-24,0,14,9,10,3,10,2,2,1
2025-06-25,0,5,11,9,2,8,0,1,2
2025-06-26,0,9,10,3,3,5,2,0,1
2025-06-27,0,11,3,5,2,5,0,2,0
2025-06-28,0,18,7,10,3,8,2,2,1
2025-06-29,0,19,6,9,4,7,4,3,1
2025-06-30,0,13,14,11,3,4,1,2,0
2025-07-01,0,14,16,8,3,9,1,1,2
2025-07-02,0,10,15,14,3,9,1,0,1
2025-07-03,0,4,7,3,4,12,1,1,1
2025-07-04,0,8,9,7,3,4,1,0,0
2025-07-05,0,13,6,9,3,10,3,3,1
2025-07-06,0,11,9,3,3,0,2,1,1
2025-07-07,0,12,12,14,2,6,2,1,0
2025-07-08,0,16,12,12,3,0,5,3,1
2025-07-09,0,14,8,10,2,2,2,2,2
2025-07-10,0,5,10,7,3,5,2,1,1
2025-07-11,0,6,7,8,2,7,2,2,1
2025-07-12,0,8,3,8,3,8,3,1,1
2025-07-13,0,15,11,13,3,3,5,3,1
2025-07-14,0,17,12,10,3,12,1,1,0
2025-07-15,0,12,9,11,3,4,2,2,1
2025-07-16,0,12,8,9,3,6,2,2,1
2025-07-17,0,12,6,11,1,7,2,2,0
2025-07-18,0,9,10,7,3,7,1,1,0
2025-07-19,0,14,14,9,4,10,4,0,1
2025-07-20,0,9,12,9,5,10,2,1,2
2025-07-21,0,13,12,12,3,15,3,1,1
2025-07-22,0,17,9,9,4,6,2,3,1
2025-07-23,0,10,14,8,2,9,3,1,0
2025-07-24,0,10,4,6,1,5,1,2,1
2025-07-25,0,14,9,8,4,9,2,2,0
2025-07-26,0,10,9,8,4,17,2,2,1
2025-07-27,0,9,15,11,4,10,3,3,2
2025-07-28,0,13,10,13,4,13,1,2,2
2025-07-29,0,14,11,13,3,14,2,2,1
2025-07-30,0,16,6,9,1,12,2,2,1
2025-07-31,0,8,7,3,4,7,2,2,1
2025-08-01,0,4,9,7,1,7,2,1,1
2025-08-02,0,8,7,14,3,8,1,1,1
2025-08-03,0,13,10,7,3,4,2,2,1
2025-08-04,0,13,12,11,4,5,1,2,2
2025-08-05,0,12,11,12,5,16,3,2,1
2025-08-06,0,10,8,9,3,9,2,0,2
2025-08-07,0,9,11,10,4,9,2,2,2
2025-08-08,0,17,7,3,1,6,1,1,1
2025-08-09,0,4,8,12,2,1,2,3,2
2025-08-10,0,13,9,14,2,3,1,2,1
2025-08-11,0,15,10,13,4,12,2,3,1
2025-08-12,0,15,13,11,3,6,2,1,1
2025-08-13,0,14,8,9,3,6,1,0,1
2025-08-14,0,13,8,10,1,13,2,2,1
2025-08-15,1,4,5,4,2,16,1,1,0
2025-08-16,0,11,11,7,3,14,3,1,0
2025-08-17,0,9,9,12,2,10,2,2,1
2025-08-18,0,16,8,8,4,11,2,3,1
2025-08-19,0,7,10,11,2,13,3,2,1
2025-08-20,0,7,8,5,3,11,1,0,0
2025-08-21,0,14,8,2,2,8,0,2,1
2025-08-22,0,17,8,8,4,9,1,1,1
2025-08-23,0,9,12,9,2,7,0,1,0
2025-08-24,0,16,13,8,4,6,3,2,2
2025-08-25,0,11,10,11,3,22,1,1,0
2025-08-26,0,17,14,8,5,7,2,2,2
2025-08-27,0,15,8,8,3,7,2,3,1
2025-08-28,0,7,6,5,3,7,3,1,1
2025-08-29,0,9,11,7,4,9,1,1,1
2025-08-30,0,13,11,11,5,11,2,1,1
2025-08-31,0,13,11,6,4,7,1,2,2
2025-09-01,0,24,11,12,6,7,1,1,2
2025-09-02,0,15,9,6,6,13,2,1,1
2025-09-03,0,11,8,8,3,6,1,2,0
2025-09-04,0,3,5,10,1,3,3,1,0
2025-09-05,0,12,6,9,2,6,0,2,1
2025-09-06,0,14,3,6,3,7,2,1,1
2025-09-07,0,19,12,11,3,12,1,3,1
2025-09-08,0,16,11,13,4,13,2,1,1
2025-09-09,0,14,14,7,3,5,1,2,1
2025-09-10,0,11,9,6,2,4,1,2,1
2025-09-11,0,12,10,10,3,2,4,2,0
2025-09-12,0,10,7,9,2,4,1,1,1
2025-09-13,0,11,12,8,4,11,3,1,1
2025-09-14,0,14,10,7,3,4,4,2,1
2025-09-15,0,15,16,15,4,7,2,2,2
2025-09-16,0,14,11,11,4,8,3,2,1
2025-09-17,0,12,10,9,3,8,2,2,0
2025-09-18,0,9,9,4,3,3,1,1,1
2025-09-19,0,10,9,11,1,4,3,1,1
2025-09-20,0,14,9,7,5,10,2,1,1
2025-09-21,0,16,11,9,4,12,3,1,1
2025-09-22,0,14,12,11,4,10,3,3,1
2025-09-23,0,14,14,10,2,10,2,2,1
2025-09-24,0,16,7,11,3,4,4,3,2
2025-09-25,0,13,7,11,2,10,2,1,0
2025-09-26,0,13,6,10,3,5,1,1,1
2025-09-27,0,12,6,9,2,7,2,1,1
2025-09-28,0,13,9,12,3,11,5,1,1
2025-09-29,0,10,10,12,3,11,3,3,1
2025-09-30,0,14,11,8,3,7,2,1,2
2025-10-01,0,8,9,8,2,5,3,2,1
2025-10-02,1,5,4,7,0,19,0,0,1
2025-10-03,0,13,10,9,3,7,2,0,1
2025-10-04,0,14,13,8,4,6,3,1,2
2025-10-05,0,12,12,7,5,4,3,1,1
2025-10-06,0,17,12,8,3,8,3,2,1
2025-10-07,0,10,14,10,4,10,2,1,1
2025-10-08,0,14,13,6,3,10,5,1,1
2025-10-09,0,5,9,2,1,3,1,2,0
2025-10-10,0,4,8,7,2,10,2,1,1
2025-10-11,0,12,13,11,4,7,0,2,1
2025-10-12,0,12,12,10,3,8,3,3,1
2025-10-13,0,15,14,11,4,16,4,1,1
2025-10-14,0,10,13,12,4,13,0,3,2
2025-10-15,0,16,7,9,3,11,1,2,1
2025-10-16,0,11,7,9,3,7,3,0,1
2025-10-17,0,8,7,4,3,12,3,0,1
2025-10-18,0,12,11,8,3,8,2,2,1
2025-10-19,0,9,13,10,3,10,1,1,1
2025-10-20,0,16,11,13,4,4,3,2,1
2025-10-21,0,13,11,10,4,12,3,2,2
2025-10-22,0,12,14,8,3,9,3,1,1
2025-10-23,0,6,10,8,4,5,4,0,1
2025-10-24,0,6,9,8,1,7,4,2,1
2025-10-25,0,10,10,12,4,8,2,2,1
2025-10-26,0,11,11,8,4,8,3,2,1
2025-10-27,0,18,11,9,5,9,2,2,0
2025-10-28,0,11,12,10,5,12,4,1,0
2025-10-29,0,14,7,6,3,5,1,1,1
2025-10-30,0,10,8,8,3,7,1,0,1
2025-10-31,0,12,8,8,0,4,2,1,1
2025-11-01,0,6,7,14,5,7,0,1,0
2025-11-02,0,11,10,10,4,7,4,1,1
2025-11-03,0,12,13,11,3,13,1,1,1
2025-11-04,0,14,12,12,4,7,4,1,2
2025-11-05,0,13,8,10,5,6,2,2,1
2025-11-06,0,6,4,6,2,6,2,1,1
2025-11-07,0,11,9,4,3,7,1,2,0
2025-11-08,0,6,12,9,2,0,2,2,1
2025-11-09,0,14,16,14,3,10,3,1,1
2025-11-10,0,15,9,11,4,8,1,1,1
2025-11-11,0,13,11,11,5,5,3,1,1
2025-11-12,0,14,9,10,4,8,0,1,2
2025-11-13,0,12,9,11,2,1,0,2,1
2025-11-14,0,14,7,8,0,1,2,1,1
2025-11-15,0,13,12,8,3,2,2,0,1
2025-11-16,0,13,14,12,3,14,2,3,1
2025-11-17,0,16,15,9,4,14,1,3,0
2025-11-18,0,14,15,8,3,5,1,2,0
2025-11-19,0,16,9,8,2,12,4,3,1
2025-11-20,0,12,5,10,1,5,3,1,1
2025-11-21,0,7,9,9,1,8,1,1,1
2025-11-22,0,15,9,9,3,6,0,1,1
2025-11-23,0,13,9,12,1,4,2,1,1
2025-11-24,0,12,18,8,4,13,2,1,2
2025-11-25,0,12,9,9,4,17,2,1,1
2025-11-26,0,11,10,3,0,7,2,2,1
2025-11-27,0,7,9,12,2,1,2,1,1
2025-11-28,0,11,11,7,3,8,2,2,1
2025-11-29,0,9,13,8,2,9,4,2,2
2025-11-30,0,13,12,9,3,9,2,2,1
2025-12-01,0,20,11,12,4,9,2,1,0
2025-12-02,0,13,10,8,4,17,2,2,1
2025-12-03,0,13,8,12,2,11,1,1,1
2025-12-04,0,12,13,6,2,1,1,1,1
2025-12-05,0,8,10,5,3,5,1,1,0
2025-12-06,0,13,16,9,2,2,2,3,1
2025-12-07,0,13,9,15,4,11,3,3,1
2025-12-08,0,12,10,9,5,12,4,2,1
2025-12-09,0,16,10,12,4,9,3,3,2
2025-12-10,0,9,5,12,4,11,2,1,1
2025-12-11,0,12,7,11,2,8,1,1,1
2025-12-12,0,7,9,8,2,0,2,2,1
2025-12-13,0,8,7,7,3,1,2,0,1
2025-12-14,0,13,17,12,5,6,3,2,2
2025-12-15,0,16,15,9,3,8,2,3,1
2025-12-16,0,12,10,13,4,6,3,1,2
2025-12-17,0,9,12,8,4,10,2,2,0
2025-12-18,0,9,6,10,3,4,2,2,1
2025-12-19,0,15,6,11,3,8,3,1,0
2025-12-20,0,8,7,10,2,5,3,0,2
2025-12-21,0,12,12,8,3,7,1,3,1
2025-12-22,0,12,7,14,4,11,4,1,1
2025-12-23,0,13,13,11,4,9,0,3,1
2025-12-24,0,7,9,10,3,13,2,1,1
2025-12-25,1,6,5,6,1,17,0,0,0
2025-12-26,0,14,5,5,3,4,2,1,0
2025-12-27,0,6,10,10,2,8,4,1,1
2025-12-28,0,14,6,11,3,11,4,2,1
2025-12-29,0,16,14,9,2,8,2,1,1
2025-12-30,0,12,12,9,4,10,2,2,1
2025-12-31,0,10,6,12,3,8,2,2,1
2026-01-01,0,13,11,5,2,7,0,1,1
2026-01-02,0,9,7,8,3,10,2,0,0
2026-01-03,0,11,5,7,1,14,2,1,1
2026-01-04,0,17,10,11,2,1,2,2,0
2026-01-05,0,12,13,9,3,7,2,1,1
2026-01-06,0,17,14,8,3,7,2,1,1
2026-01-07,0,12,12,10,3,13,3,1,1
2026-01-08,0,12,8,9,3,3,2,1,1
2026-01-09,0,12,9,9,3,7,2,3,1
2026-01-10,0,9,10,12,3,12,3,3,0
2026-01-11,0,17,11,7,4,3,1,1,0
2026-01-12,0,15,9,11,3,6,2,0,1
2026-01-13,0,15,10,11,2,8,2,2,1
2026-01-14,0,13,15,13,4,9,4,1,1
2026-01-15,0,5,10,7,3,2,2,1,2
2026-01-16,0,15,8,12,1,7,3,0,0
2026-01-17,0,13,6,10,2,16,3,2,1
2026-01-18,0,10,13,8,4,8,1,2,1
2026-01-19,0,9,11,9,4,12,2,0,1
2026-01-20,0,13,10,17,3,10,2,2,1
2026-01-21,0,13,15,9,2,9,1,1,1
2026-01-22,0,12,9,8,2,6,3,0,0
2026-01-23,0,7,4,11,1,7,2,1,1
2026-01-24,0,10,11,10,3,7,2,1,1
2026-01-25,0,13,12,14,3,11,2,2,0
2026-01-26,1,13,7,8,4,16,3,1,0
2026-01-27,0,14,14,12,3,13,2,2,2
2026-01-28,0,10,8,6,1,6,0,1,2
2026-01-29,0,5,8,3,4,12,2,1,1
2026-01-30,0,10,11,6,3,15,0,2,1
2026-01-31,0,13,7,10,2,7,1,0,1
2026-02-01,0,14,7,13,4,15,2,2,1
2026-02-02,0,14,10,16,5,6,1,3,1
2026-02-03,0,11,13,9,3,8,1,2,1
2026-02-04,0,13,11,6,4,0,2,1,2
2026-02-05,0,6,5,6,2,2,3,2,1
2026-02-06,0,9,6,6,5,2,0,1,1
2026-02-07,0,12,12,12,3,3,2,1,0
2026-02-08,0,18,7,12,4,12,1,3,1
2026-02-09,0,16,8,9,2,7,1,1,2
2026-02-10,0,15,15,9,5,4,3,3,2
2026-02-11,0,13,6,7,4,7,3,0,0
2026-02-12,0,14,11,7,1,7,2,2,1
2026-02-13,0,3,5,0,2,7,2,2,1
2026-02-14,0,14,7,6,4,6,3,1,1
2026-02-15,0,14,10,9,3,9,2,0,2
2026-02-16,0,14,9,6,5,11,3,2,2
2026-02-17,0,13,13,5,4,12,4,2,0
2026-02-18,0,10,7,7,2,10,1,2,0
2026-02-19,0,6,7,5,2,2,3,2,0
2026-02-20,0,10,8,8,2,7,2,0,1
2026-02-21,0,14,12,10,3,6,2,1,1
2026-02-22,0,17,10,9,4,6,3,3,1
2026-02-23,0,14,11,8,4,10,3,2,1
2026-02-24,0,15,11,12,3,12,0,2,2
2026-02-25,0,17,8,6,3,13,3,2,1
2026-02-26,0,9,4,7,5,4,2,1,0
2026-02-27,0,11,6,6,3,3,1,2,0
2026-02-28,0,13,14,9,4,14,4,2,0
2026-03-01,0,18,9,7,3,7,4,2,1
2026-03-02,0,15,12,12,3,7,4,2,1
2026-03-03,0,17,11,10,3,12,2,1,0
2026-03-04,0,8,4,3,2,10,3,2,2
2026-03-05,0,11,9,12,4,8,0,1,1
2026-03-06,0,8,8,12,3,7,1,1,1
2026-03-07,0,10,8,9,3,10,2,1,0
2026-03-08,0,17,12,10,3,11,3,2,3
2026-03-09,0,15,11,12,4,9,2,2,0
2026-03-10,0,18,15,11,2,7,2,2,0
2026-03-11,0,12,12,7,3,4,2,0,1
2026-03-12,0,7,9,6,1,5,2,1,1
2026-03-13,0,6,10,5,2,10,1,3,0
2026-03-14,0,11,10,10,3,2,2,2,1
2026-03-15,0,12,14,8,4,13,2,1,1
2026-03-16,0,13,13,12,4,9,1,2,2
2026-03-17,0,9,13,13,3,8,3,2,1
2026-03-18,0,8,13,10,2,6,2,1,0
2026-03-19,0,12,14,9,2,7,2,0,0
2026-03-20,0,9,5,6,2,9,2,1,1
2026-03-21,0,12,9,10,4,4,1,2,1
2026-03-22,0,15,7,9,5,11,2,2,2
2026-03-23,0,18,14,9,6,12,3,1,1
2026-03-24,0,14,12,7,2,6,3,1,1
2026-03-25,0,16,10,9,3,12,2,1,1
2026-03-26,0,6,8,12,3,9,0,2,1
2026-03-27,0,9,11,5,3,2,1,1,1
2026-03-28,0,12,10,8,5,10,1,1,1
2026-03-29,0,17,13,11,3,15,5,1,1
2026-03-30,0,12,9,10,3,6,3,2,1
2026-03-31,0,12,14,11,2,12,2,2,2
2026-04-01,0,12,8,8,2,2,2,1,1
2026-04-02,0,13,6,6,4,8,1,1,1
2026-04-03,0,12,9,6,2,8,3,1,1
2026-04-04,0,7,11,10,1,12,2,2,1
2026-04-05,0,13,15,14,3,6,3,1,1
2026-04-06,0,15,14,9,5,12,2,1,1
2026-04-07,0,9,9,6,3,7,4,3,1
2026-04-08,0,15,15,10,2,9,1,2,1
2026-04-09,0,5,12,8,2,2,2,1,1
2026-04-10,0,11,5,4,5,3,1,3,1
2026-04-11,0,13,8,2,2,14,3,1,2
2026-04-12,0,11,13,12,5,13,2,1,0
2026-04-13,0,17,15,14,4,6,3,3,1
2026-04-14,0,16,14,11,3,11,2,2,2
2026-04-15,0,9,8,9,4,9,2,2,1
2026-04-16,0,7,8,7,2,4,1,1,1
2026-04-17,0,14,4,10,1,1,2,2,2
2026-04-18,0,15,10,7,3,7,0,3,2
2026-04-19,0,14,10,13,5,9,4,3,2
2026-04-20,0,14,11,11,3,9,3,1,1
2026-04-21,0,11,5,9,4,9,3,2,1
2026-04-22,0,12,5,10,3,11,3,2,1
2026-04-23,0,9,10,12,3,7,1,1,1
2026-04-24,0,9,8,11,3,12,2,1,1
2026-04-25,0,14,8,5,3,8,1,2,2
2026-04-26,0,5,7,11,3,11,1,3,2
2026-04-27,0,15,15,10,1,4,3,2,1
2026-04-28,0,11,11,7,5,2,2,2,0
2026-04-29,0,8,10,14,1,10,2,3,0
2026-04-30,0,11,9,6,4,11,1,0,0
2026-05-01,0,11,14,4,4,7,2,2,0
2026-05-02,0,9,5,6,3,4,1,2,1
2026-05-03,0,13,16,7,4,13,3,1,1
2026-05-04,0,17,13,11,3,7,2,2,2
2026-05-05,0,8,9,11,3,8,4,1,1
2026-05-06,0,11,5,9,2,8,3,1,1
2026-05-07,0,10,10,9,3,6,2,0,0
2026-05-08,0,13,11,8,1,10,2,1,1
2026-05-09,0,12,8,6,3,8,4,1,1
2026-05-10,0,9,12,15,3,12,2,2,2
2026-05-11,0,17,14,12,4,12,1,2,2
2026-05-12,0,12,11,9,4,7,2,1,1
2026-05-13,0,12,12,11,2,10,2,2,1
2026-05-14,0,8,5,9,2,6,2,2,0
2026-05-15,0,12,10,4,3,7,2,2,1
2026-05-16,0,14,14,6,4,4,2,2,1
2026-05-17,0,16,14,6,4,12,2,1,1
2026-05-18,0,12,13,8,3,15,4,2,2
2026-05-19,0,12,15,12,3,6,2,2,2
2026-05-20,0,9,8,4,3,3,4,2,2
2026-05-21,0,7,8,9,3,10,3,1,1
2026-05-22,0,8,9,14,2,2,1,0,0
2026-05-23,0,6,8,6,3,11,3,2,1
2026-05-24,0,19,13,12,4,6,3,1,2
2026-05-25,0,8,15,12,3,10,1,3,1
2026-05-26,0,15,13,9,1,8,2,1,1
2026-05-27,0,7,9,11,2,5,1,1,1
2026-05-28,0,7,9,9,3,9,1,3,1
2026-05-29,0,12,9,6,0,3,1,2,1
2026-05-30,0,12,12,10,3,8,3,3,1
2026-05-31,0,20,9,9,4,9,1,1,1
2026-06-01,0,11,14,10,3,5,2,2,2
2026-06-02,0,10,11,7,4,8,2,1,1
2026-06-03,0,10,14,10,3,6,3,2,1
2026-06-04,0,10,8,6,3,2,2,0,1
2026-06-05,0,14,8,8,3,14,0,1,1
2026-06-06,0,13,9,11,5,2,2,2,1
2026-06-07,0,12,13,5,3,11,1,1,1
2026-06-08,0,15,11,10,4,8,3,2,2
2026-06-09,0,13,13,8,3,9,3,2,1
2026-06-10,0,12,8,7,4,5,2,2,0
2026-06-11,0,14,10,7,4,12,0,2,0
2026-06-12,0,12,7,5,3,10,0,1,1
2026-06-13,0,9,9,11,3,7,4,1,0
2026-06-14,0,16,8,9,4,5,2,1,1
2026-06-15,0,19,13,10,4,13,2,1,1
2026-06-16,0,15,10,9,2,8,2,1,1
2026-06-17,0,11,8,4,2,3,5,2,0
2026-06-18,0,12,7,9,3,4,2,1,1
2026-06-19,0,12,6,7,2,7,1,2,0
2026-06-20,0,10,9,13,3,11,2,2,1
2026-06-21,0,13,17,11,2,9,1,2,1
2026-06-22,0,17,11,11,5,9,2,3,1
2026-06-23,0,10,9,11,2,12,3,3,2
2026-06-24,0,6,11,7,5,11,2,3,1
2026-06-25,0,10,11,8,2,8,3,1,1
2026-06-26,0,7,10,6,2,7,3,1,1
2026-06-27,0,12,14,6,4,6,2,1,2
2026-06-28,0,13,10,1,4,12,4,2,1
2026-06-29,0,16,11,12,3,5,2,2,1
2026-06-30,0,14,12,12,3,6,1,0,1
2026-07-01,0,12,10,6,2,13,4,1,1
2026-07-02,0,7,11,9,3,10,2,1,2
2026-07-03,0,10,9,11,2,3,1,0,1
2026-07-04,0,11,10,9,5,12,1,2,1
2026-07-05,0,14,13,7,4,5,2,2,1
2026-07-06,0,16,10,11,2,5,4,4,2
2026-07-07,0,18,16,12,3,9,3,2,1
2026-07-08,0,11,11,9,2,8,1,3,1
2026-07-09,0,9,5,9,4,4,1,2,0
2026-07-10,0,9,12,6,2,6,3,2,1
2026-07-11,0,12,14,8,1,10,2,1,1
2026-07-12,0,11,7,8,3,13,3,1,1
2026-07-13,0,18,15,9,3,12,4,2,2
2026-07-14,0,12,10,7,4,6,2,2,1
2026-07-15,0,16,12,11,1,10,1,0,1
2026-07-16,0,11,7,6,2,8,2,2,2
2026-07-17,0,8,9,7,4,2,2,3,1
2026-07-18,0,10,7,11,4,7,4,2,1
2026-07-19,0,12,7,13,3,10,3,2,1
2026-07-20,0,20,14,8,3,6,1,1,1
2026-07-21,0,11,13,8,4,18,3,3,1
2026-07-22,0,10,11,9,3,6,1,1,1
2026-07-23,0,10,8,6,2,14,0,1,1
2026-07-24,0,8,10,6,3,10,1,2,0
2026-07-25,0,7,13,12,3,4,1,1,1
2026-07-26,0,15,11,8,5,7,2,2,1
2026-07-27,0,8,10,10,5,18,3,0,1
2026-07-28,0,15,7,7,3,13,0,2,2
2026-07-29,0,8,10,4,3,3,0,2,2
2026-07-30,0,6,6,7,2,12,2,2,1
2026-07-31,0,12,8,4,4,13,1,2,2
2026-08-01,0,13,15,10,1,9,2,2,1
2026-08-02,0,8,11,10,1,6,4,2,1
2026-08-03,0,15,9,7,4,2,2,2,2
2026-08-04,0,10,10,14,4,5,3,2,1
2026-08-05,0,12,12,6,3,8,3,2,1
2026-08-06,0,15,12,9,2,5,0,1,1
2026-08-07,0,7,10,7,2,7,2,0,1
2026-08-08,0,13,9,11,2,7,2,1,0
2026-08-09,0,10,13,8,4,7,3,3,1
2026-08-10,0,18,7,16,4,12,3,1,1
2026-08-11,0,14,14,11,4,8,2,2,1
2026-08-12,0,12,6,11,2,8,2,2,1
2026-08-13,0,11,1,8,3,9,2,2,1
2026-08-14,0,8,9,5,3,6,1,1,1
2026-08-15,1,2,3,1,3,15,0,0,1
2026-08-16,0,10,12,8,2,10,3,2,2
2026-08-17,0,11,9,8,4,4,1,3,1
2026-08-18,0,13,10,9,4,8,3,2,1
2026-08-19,0,10,8,6,2,9,0,0,0
2026-08-20,0,10,9,6,4,6,1,1,1
2026-08-21,0,3,9,5,3,10,3,2,1
2026-08-22,0,11,9,7,3,6,3,0,1
2026-08-23,0,19,15,6,4,5,1,3,0
2026-08-24,0,18,9,12,5,13,3,2,1
2026-08-25,0,10,6,10,3,13,3,1,2
2026-08-26,0,9,9,10,2,13,2,1,1
2026-08-27,0,10,9,12,3,9,1,0,1
2026-08-28,0,12,10,4,4,5,2,1,2
2026-08-29,0,12,10,5,3,5,1,0,1
2026-08-30,0,14,11,10,3,14,2,1,2
2026-08-31,0,16,11,9,3,5,2,1,1
2026-09-01,0,13,9,9,4,10,1,1,1
2026-09-02,0,15,9,12,3,6,1,3,1
2026-09-03,0,5,9,6,3,6,0,1,1
2026-09-04,0,5,9,10,3,4,1,0,2
2026-09-05,0,9,12,8,3,4,1,0,1
2026-09-06,0,15,14,10,4,13,3,1,0
2026-09-07,0,13,11,10,4,6,2,3,1
2026-09-08,0,10,8,13,4,11,3,1,2
2026-09-09,0,14,9,5,1,0,1,3,0
2026-09-10,0,12,10,6,0,6,1,2,0
2026-09-11,0,13,8,7,5,5,1,1,1
2026-09-12,0,9,9,10,4,3,2,2,1
2026-09-13,0,15,13,11,3,6,2,2,1
2026-09-14,0,11,11,12,4,11,1,2,1
2026-09-15,0,17,16,16,5,9,2,2,2
2026-09-16,0,9,13,11,4,0,3,2,1
2026-09-17,0,7,9,7,3,3,3,1,1
2026-09-18,0,10,12,8,2,12,3,1,1
2026-09-19,0,9,12,9,2,1,3,1,1
2026-09-20,0,9,11,10,3,12,1,2,1
2026-09-21,0,13,9,8,5,10,1,1,2
2026-09-22,0,15,14,10,5,8,3,2,1
2026-09-23,0,11,8,7,3,12,1,1,1
2026-09-24,0,10,6,13,2,7,2,2,1
2026-09-25,0,12,10,4,2,3,3,0,1
2026-09-26,0,18,7,8,4,5,1,2,1
2026-09-27,0,7,11,10,3,12,5,3,0
2026-09-28,0,16,12,13,3,9,3,2,1
2026-09-29,0,13,12,10,3,10,3,2,2
2026-09-30,0,13,5,7,4,4,1,1,1
2026-10-01,0,13,9,7,3,13,2,3,1
2026-10-02,1,6,4,1,0,16,1,1,1
2026-10-03,0,7,11,7,3,8,3,1,2
2026-10-04,0,12,17,11,3,8,2,3,0
2026-10-05,0,20,11,13,2,8,2,2,1
2026-10-06,0,17,8,10,6,14,4,4,2
2026-10-07,0,7,12,8,2,8,2,2,0
2026-10-08,0,8,4,8,1,12,3,2,1
2026-10-09,0,15,10,6,2,10,0,0,1
2026-10-10,0,13,8,4,2,8,1,2,1
2026-10-11,0,15,14,11,2,8,3,3,1
2026-10-12,0,19,13,11,1,11,3,1,2
2026-10-13,0,13,11,13,3,9,1,2,2
2026-10-14,0,9,11,8,3,15,0,1,2
2026-10-15,0,13,6,6,2,6,1,1,1
2026-10-16,0,4,10,7,3,6,2,2,1
2026-10-17,0,9,7,7,2,11,2,1,0
2026-10-18,0,23,11,10,4,7,1,1,1
2026-10-19,0,15,11,12,5,5,3,2,1
2026-10-20,0,14,11,11,3,4,4,1,1
2026-10-21,0,10,8,8,4,2,0,1,1
2026-10-22,0,5,6,8,3,10,0,1,1
2026-10-23,0,9,8,10,2,9,2,1,2
2026-10-24,0,10,10,5,2,15,3,1,1
2026-10-25,0,13,10,11,5,9,3,2,1
2026-10-26,0,16,13,10,2,5,3,2,1
2026-10-27,0,16,11,8,4,5,0,2,2
2026-10-28,0,8,10,8,5,6,3,1,0
2026-10-29,0,9,6,6,4,8,0,2,0
2026-10-30,0,13,9,10,3,6,1,1,0
2026-10-31,0,15,9,10,3,5,3,1,1
2026-11-01,0,19,12,9,3,12,3,1,1
2026-11-02,0,13,13,9,3,11,0,2,1
2026-11-03,0,14,11,13,2,13,2,3,2
2026-11-04,0,15,12,7,3,10,2,2,1
2026-11-05,0,14,13,5,2,3,3,3,1
2026-11-06,0,10,9,9,2,7,3,1,1
2026-11-07,0,8,10,9,2,7,0,1,1
2026-11-08,0,10,10,13,2,4,3,2,0
2026-11-09,0,9,9,10,4,13,2,2,1
2026-11-10,0,10,8,11,2,2,2,1,1
2026-11-11,0,10,11,5,2,6,2,0,1
2026-11-12,0,14,10,8,4,8,0,1,1
2026-11-13,0,10,11,9,2,5,1,1,2
2026-11-14,0,15,11,11,2,9,2,2,1
2026-11-15,0,15,14,12,5,5,2,2,2
2026-11-16,0,14,14,11,4,9,2,1,2
2026-11-17,0,13,13,8,5,13,3,2,1
2026-11-18,0,9,14,5,4,4,1,2,0
2026-11-19,0,2,8,7,1,4,2,0,1
2026-11-20,0,7,6,10,1,8,1,2,0
2026-11-21,0,7,14,6,2,10,2,1,1
2026-11-22,0,12,11,9,5,4,3,1,1
2026-11-23,0,11,13,10,5,2,2,1,1
2026-11-24,0,14,12,15,3,8,2,2,0
2026-11-25,0,15,12,14,3,7,1,2,2
2026-11-26,0,9,7,8,4,5,1,1,2
2026-11-27,0,13,7,10,3,5,1,2,0
2026-11-28,0,10,10,9,2,7,1,1,0
2026-11-29,0,15,10,8,3,11,1,1,1
2026-11-30,0,13,14,8,5,3,4,2,1
2026-12-01,0,13,12,10,4,16,1,0,1
2026-12-02,0,10,4,11,3,9,3,2,0
2026-12-03,0,14,3,5,2,10,4,2,0
2026-12-04,0,9,10,4,2,3,0,1,1
2026-12-05,0,13,8,9,3,13,1,2,0
2026-12-06,0,8,10,14,3,9,3,1,1
2026-12-07,0,13,12,12,5,13,3,1,1
2026-12-08,0,16,10,11,3,18,2,1,2
2026-12-09,0,14,8,5,4,13,1,2,1
2026-12-10,0,10,7,7,2,0,4,1,2
2026-12-11,0,8,8,10,2,6,3,1,0
2026-12-12,0,12,7,8,3,14,1,3,2
2026-12-13,0,16,12,8,4,6,1,2,1
2026-12-14,0,13,13,11,2,7,3,3,1
2026-12-15,0,10,11,6,4,8,2,1,2
2026-12-16,0,13,4,10,1,3,0,1,0
2026-12-17,0,15,10,3,2,4,1,2,1
2026-12-18,0,5,10,4,3,7,0,1,1
2026-12-19,0,13,10,12,2,5,1,1,2
2026-12-20,0,12,9,13,4,4,2,1,1
2026-12-21,0,14,17,10,6,6,2,1,1
2026-12-22,0,17,11,13,4,3,2,2,1
2026-12-23,0,17,10,7,3,8,2,2,2
2026-12-24,0,10,10,9,1,9,2,1,0
2026-12-25,1,9,0,3,1,14,1,1,1
2026-12-26,0,10,11,11,3,9,3,2,2
2026-12-27,0,15,10,10,2,4,1,1,2
2026-12-28,0,13,14,10,4,9,3,0,1
2026-12-29,0,17,9,15,4,10,3,1,1
2026-12-30,0,10,8,9,5,4,2,2,1
2026-12-31,0,18,7,3,2,3,3,1,0
2027-01-01,0,9,10,7,2,2,2,1,0
2027-01-02,0,9,9,10,1,14,1,2,2
2027-01-03,0,17,11,13,3,9,3,2,2
2027-01-04,0,16,14,14,2,16,2,1,2
2027-01-05,0,7,8,15,4,8,4,1,1
2027-01-06,0,13,9,7,4,8,1,2,2
2027-01-07,0,13,7,9,2,7,2,2,1
2027-01-08,0,15,6,6,2,5,2,1,1
2027-01-09,0,11,8,3,2,9,2,0,1
2027-01-10,0,16,11,7,4,5,3,2,1
2027-01-11,0,17,14,11,3,13,4,2,2
2027-01-12,0,14,13,7,4,7,2,3,1
2027-01-13,0,14,10,10,3,5,1,1,1
2027-01-14,0,7,9,6,2,11,3,0,0
2027-01-15,0,15,6,6,6,1,1,2,1
2027-01-16,0,10,8,7,4,9,1,1,1
2027-01-17,0,10,11,11,3,5,2,2,1
2027-01-18,0,15,14,14,3,8,2,1,2
2027-01-19,0,14,12,10,3,9,3,2,0
2027-01-20,0,11,11,10,3,11,0,2,0
2027-01-21,0,10,10,5,2,8,1,1,0
2027-01-22,0,6,9,8,2,12,1,2,2
2027-01-23,0,5,6,7,2,5,1,1,1
2027-01-24,0,14,12,13,4,10,2,2,1
2027-01-25,0,16,12,12,5,13,4,1,2
2027-01-26,1,5,9,8,2,11,1,1,0
2027-01-27,0,14,11,6,2,6,3,0,0
2027-01-28,0,9,4,4,1,3,1,1,1
2027-01-29,0,7,8,8,2,10,1,1,1
2027-01-30,0,15,7,12,1,9,4,0,1
2027-01-31,0,11,11,12,3,10,3,2,1
2027-02-01,0,13,12,15,3,13,2,1,2
2027-02-02,0,15,14,10,3,8,2,1,1
2027-02-03,0,9,11,10,3,8,2,2,2
2027-02-04,0,10,9,5,2,12,2,1,1
2027-02-05,0,9,8,3,1,4,4,1,0
2027-02-06,0,9,8,6,3,10,3,3,1
2027-02-07,0,12,14,11,5,5,3,2,2
2027-02-08,0,17,13,10,3,6,2,2,1
2027-02-09,0,11,12,11,3,9,2,1,1
2027-02-10,0,14,9,11,2,5,1,1,2
2027-02-11,0,10,10,8,2,8,4,1,1
2027-02-12,0,7,8,8,3,3,1,1,1
2027-02-13,0,9,10,10,4,7,1,3,1
2027-02-14,0,8,12,13,3,14,2,1,1
2027-02-15,0,14,11,15,4,11,3,3,1
2027-02-16,0,13,10,10,6,9,2,1,1
2027-02-17,0,13,11,8,2,5,3,1,1
2027-02-18,0,10,6,6,2,5,1,1,2
2027-02-19,0,6,11,7,2,5,3,0,1
2027-02-20,0,14,9,9,3,7,2,2,1
2027-02-21,0,9,12,11,4,9,3,1,1
2027-02-22,0,14,14,9,5,8,1,3,2
2027-02-23,0,10,12,13,3,10,2,1,0
2027-02-24,0,7,10,7,3,0,3,1,1
2027-02-25,0,12,5,6,2,12,5,1,1
2027-02-26,0,10,13,9,3,8,3,0,0
2027-02-27,0,9,10,7,3,5,1,0,1
2027-02-28,0,16,9,11,3,13,2,0,1
2027-03-01,0,15,14,13,3,9,1,1,2
2027-03-02,0,13,11,9,4,2,4,1,1
2027-03-03,0,15,6,11,3,6,3,2,1
2027-03-04,0,15,4,9,4,5,3,2,1
2027-03-05,0,10,7,6,3,6,1,1,2
2027-03-06,0,13,7,4,3,9,2,2,1
2027-03-07,0,17,8,12,2,21,2,2,1
2027-03-08,0,6,15,10,5,12,1,3,2
2027-03-09,0,15,10,11,4,12,5,1,1
2027-03-10,0,13,7,2,2,8,1,0,1
2027-03-11,0,11,11,7,3,5,0,1,1
2027-03-12,0,14,9,8,3,11,3,3,0
2027-03-13,0,7,9,15,3,3,2,2,1
2027-03-14,0,16,10,12,4,7,4,1,1
2027-03-15,0,14,9,11,2,12,1,2,1
2027-03-16,0,10,11,11,2,13,2,2,1
2027-03-17,0,10,11,9,2,8,2,2,1
2027-03-18,0,9,13,7,2,9,1,1,1
2027-03-19,0,8,10,9,2,3,4,0,1
2027-03-20,0,11,11,13,2,6,1,1,1
2027-03-21,0,11,16,14,3,11,3,1,1
2027-03-22,0,14,11,13,3,12,2,1,2
2027-03-23,0,18,9,10,3,15,1,2,2
2027-03-24,0,10,9,7,3,9,2,1,1
2027-03-25,0,14,9,7,2,10,1,0,1
2027-03-26,0,4,10,5,2,3,0,2,0
2027-03-27,0,10,9,6,3,9,4,2,1
2027-03-28,0,10,13,8,2,9,2,1,1
2027-03-29,0,16,16,7,5,12,3,1,2
2027-03-30,0,15,16,11,3,13,1,1,2
2027-03-31,0,9,10,5,1,6,2,2,1
2027-04-01,0,7,11,10,2,2,2,1,1
2027-04-02,0,8,5,1,2,3,1,0,1
2027-04-03,0,16,9,10,3,4,0,2,1
2027-04-04,0,13,10,10,3,12,2,1,0
2027-04-05,0,14,11,14,5,8,5,2,2
2027-04-06,0,10,10,7,4,14,3,2,1
2027-04-07,0,9,6,11,3,10,3,4,1
2027-04-08,0,9,9,11,4,10,4,1,1
2027-04-09,0,8,7,7,1,10,1,2,0
2027-04-10,0,12,7,9,4,5,0,1,1
2027-04-11,0,8,8,13,2,7,1,1,1
2027-04-12,0,16,8,11,5,7,5,2,1
2027-04-13,0,17,9,12,3,9,4,2,1
2027-04-14,0,11,10,10,3,4,1,2,0
2027-04-15,0,15,7,4,1,3,0,2,2
2027-04-16,0,8,4,9,2,5,1,2,1
2027-04-17,0,7,6,5,1,10,1,2,1
2027-04-18,0,17,13,10,3,10,2,1,1
2027-04-19,0,18,9,16,4,9,2,2,1
2027-04-20,0,19,11,7,3,11,2,1,1
2027-04-21,0,10,8,10,2,5,2,2,1
2027-04-22,0,8,10,4,3,9,0,0,1
2027-04-23,0,9,10,5,3,1,2,2,1
2027-04-24,0,11,6,15,1,2,3,1,1
2027-04-25,0,14,6,12,2,8,3,4,0
2027-04-26,0,15,13,13,2,12,3,1,1
2027-04-27,0,17,9,13,3,14,3,4,1
2027-04-28,0,14,12,2,3,3,0,1,1
2027-04-29,0,8,6,4,2,9,1,1,1
2027-04-30,0,15,9,7,2,6,2,1,0
2027-05-01,0,12,10,4,2,7,1,3,2
2027-05-02,0,11,14,8,2,15,3,2,1
2027-05-03,0,11,12,13,2,10,3,1,2
2027-05-04,0,17,9,10,3,11,2,0,2
2027-05-05,0,15,11,7,4,10,2,1,0
2027-05-06,0,7,9,6,3,5,1,1,1
2027-05-07,0,10,12,6,2,5,2,1,1
2027-05-08,0,13,8,8,2,8,3,0,1
2027-05-09,0,17,12,11,5,10,0,1,2
2027-05-10,0,10,15,13,5,6,3,2,1
2027-05-11,0,13,10,12,2,10,3,2,1
2027-05-12,0,13,9,10,3,6,2,0,1
2027-05-13,0,13,9,11,2,9,2,1,1
2027-05-14,0,2,10,11,1,3,3,1,1
2027-05-15,0,7,6,12,1,7,1,2,0
2027-05-16,0,8,8,11,3,15,3,2,1
2027-05-17,0,10,13,16,3,10,3,1,1
2027-05-18,0,11,9,13,4,7,1,1,1
2027-05-19,0,13,13,6,3,17,1,1,0
2027-05-20,0,10,8,6,1,7,3,3,2
2027-05-21,0,6,7,10,1,6,2,3,1
2027-05-22,0,13,9,7,4,12,0,3,1
2027-05-23,0,5,12,7,1,11,0,1,1
2027-05-24,0,14,12,11,2,12,2,1,1
2027-05-25,0,12,11,8,4,6,2,3,1
2027-05-26,0,14,12,8,4,8,3,1,1
2027-05-27,0,13,5,11,2,11,1,1,1
2027-05-28,0,13,7,10,3,14,2,1,0
2027-05-29,0,9,8,10,3,8,1,0,1
2027-05-30,0,19,9,10,2,12,2,1,2
2027-05-31,0,15,10,8,4,13,2,1,2
2027-06-01,0,16,10,10,4,13,2,2,1
2027-06-02,0,15,5,11,2,10,2,0,1
2027-06-03,0,11,7,5,4,9,0,0,1
2027-06-04,0,5,4,10,3,4,1,0,1
2027-06-05,0,14,10,12,2,4,3,2,1
2027-06-06,0,15,15,8,4,12,3,2,1
2027-06-07,0,13,4,13,4,4,4,2,2
2027-06-08,0,15,9,13,3,7,2,1,1
2027-06-09,0,10,11,11,2,11,1,2,0
2027-06-10,0,11,8,11,2,9,1,0,1
2027-06-11,0,14,11,5,1,7,1,3,1
2027-06-12,0,16,11,13,2,1,1,3,1
2027-06-13,0,12,7,8,3,9,3,2,1
2027-06-14,0,16,13,11,3,7,3,3,1
2027-06-15,0,10,13,10,3,8,2,0,2
2027-06-16,0,7,10,7,4,9,0,1,2
2027-06-17,0,7,3,9,3,3,0,2,0
2027-06-18,0,12,10,11,1,5,1,0,2
2027-06-19,0,19,12,13,4,8,3,2,1
2027-06-20,0,13,9,13,4,7,3,2,1
2027-06-21,0,11,12,11,4,11,3,0,1
2027-06-22,0,15,13,7,2,8,4,1,1
2027-06-23,0,8,13,8,4,11,4,1,1
2027-06-24,0,12,12,2,4,8,2,1,1
2027-06-25,0,12,8,6,4,12,2,2,1
2027-06-26,0,17,15,11,5,9,2,1,1
2027-06-27,0,13,14,12,4,9,2,2,1
2027-06-28,0,18,11,12,3,10,1,1,1
2027-06-29,0,13,13,9,6,9,4,1,1
2027-06-30,0,10,8,5,0,7,0,1,1
2027-07-01,0,10,7,7,3,0,1,2,1
2027-07-02,0,4,8,4,3,4,1,1,1
2027-07-03,0,17,6,11,3,4,3,2,0
2027-07-04,0,11,11,11,3,4,2,2,1
2027-07-05,0,16,10,9,5,8,1,0,1
2027-07-06,0,14,9,9,5,10,3,1,1
2027-07-07,0,10,8,12,3,10,4,1,1
2027-07-08,0,15,14,10,2,9,3,2,1
2027-07-09,0,10,6,11,2,10,1,1,1
2027-07-10,0,17,10,9,3,6,2,0,1
2027-07-11,0,8,15,8,3,7,2,1,1
2027-07-12,0,11,15,14,4,6,1,2,1
2027-07-13,0,14,11,12,5,9,1,1,1
2027-07-14,0,10,9,11,2,4,1,2,1
2027-07-15,0,11,12,10,1,3,0,1,1
2027-07-16,0,7,3,6,2,7,3,2,0
2027-07-17,0,16,7,9,2,11,0,2,1
2027-07-18,0,12,13,8,2,9,3,3,1
2027-07-19,0,17,10,12,3,15,4,2,1
2027-07-20,0,13,10,11,2,16,2,1,2
2027-07-21,0,13,7,5,3,5,4,2,1
2027-07-22,0,7,6,4,3,6,3,2,1
2027-07-23,0,8,9,12,4,9,3,0,1
2027-07-24,0,11,11,13,2,5,2,2,1
2027-07-25,0,13,9,12,4,10,3,2,1
2027-07-26,0,16,12,9,3,11,3,1,0
2027-07-27,0,16,12,11,2,4,1,1,1
2027-07-28,0,15,9,11,4,13,3,2,1
2027-07-29,0,11,8,6,3,5,2,1,1
2027-07-30,0,9,11,12,2,7,2,0,1
2027-07-31,0,18,8,5,5,15,2,2,1
2027-08-01,0,10,10,10,4,8,3,1,1
2027-08-02,0,9,12,7,3,8,4,2,2
2027-08-03,0,16,11,11,4,11,1,1,1
2027-08-04,0,8,11,8,1,5,2,0,1
2027-08-05,0,8,10,7,1,5,2,1,1
2027-08-06,0,12,10,12,5,9,1,2,1
2027-08-07,0,8,7,9,2,5,3,2,1
2027-08-08,0,10,12,10,4,11,1,2,2
2027-08-09,0,16,13,13,3,4,2,1,2
2027-08-10,0,16,8,9,3,4,4,2,1
2027-08-11,0,14,4,11,0,9,3,1,1
2027-08-12,0,8,6,8,2,1,0,0,1
2027-08-13,0,10,9,8,4,10,2,0,1
2027-08-14,0,17,10,12,4,8,0,1,1
2027-08-15,1,9,6,7,0,18,2,1,1
2027-08-16,0,13,9,7,2,7,4,1,2
2027-08-17,0,18,10,9,4,9,4,1,2
2027-08-18,0,13,9,8,1,11,2,2,1
2027-08-19,0,11,12,10,4,11,0,0,1
2027-08-20,0,8,4,6,2,7,3,2,0
2027-08-21,0,10,10,7,4,9,1,1,1
2027-08-22,0,15,11,11,4,8,4,3,1
2027-08-23,0,17,14,9,1,13,2,2,1
2027-08-24,0,10,10,9,5,7,1,1,2
2027-08-25,0,11,13,11,3,11,2,1,1
2027-08-26,0,10,8,8,3,7,1,0,1
2027-08-27,0,8,10,9,3,7,1,2,0
2027-08-28,0,13,8,8,2,12,2,2,1
2027-08-29,0,13,11,8,5,15,3,2,1
2027-08-30,0,12,10,12,3,18,2,2,1
2027-08-31,0,11,8,6,4,5,2,2,1
2027-09-01,0,11,9,10,3,11,3,1,1
2027-09-02,0,9,14,9,3,5,1,0,0
2027-09-03,0,13,11,9,3,5,2,1,1
2027-09-04,0,14,6,5,3,3,4,2,1
2027-09-05,0,20,17,8,1,9,2,3,1
2027-09-06,0,15,11,11,3,10,3,2,2
2027-09-07,0,18,10,12,3,7,2,1,2
2027-09-08,0,11,7,12,5,5,3,0,1
2027-09-09,0,10,9,12,4,0,4,2,1
2027-09-10,0,16,4,9,2,7,2,0,0
2027-09-11,0,10,9,10,1,13,1,2,1
2027-09-12,0,17,8,11,3,7,3,2,1
2027-09-13,0,16,9,14,3,6,3,3,0
2027-09-14,0,10,10,11,3,12,0,1,2
2027-09-15,0,11,6,8,3,8,2,2,1
2027-09-16,0,15,11,11,1,4,3,1,0
2027-09-17,0,11,10,11,3,4,3,1,1
2027-09-18,0,9,8,14,4,9,1,2,0
2027-09-19,0,14,7,11,3,13,5,3,1
2027-09-20,0,20,8,16,4,8,3,0,0
2027-09-21,0,9,13,15,2,7,2,2,1
2027-09-22,0,6,10,5,2,11,2,2,2
2027-09-23,0,7,10,8,2,9,1,0,1
2027-09-24,0,14,6,8,1,4,1,3,1
2027-09-25,0,9,10,5,2,3,4,1,1
2027-09-26,0,16,12,8,1,7,3,3,1
2027-09-27,0,13,13,8,4,8,1,2,1
2027-09-28,0,20,7,15,4,10,2,2,2
2027-09-29,0,8,7,7,4,8,2,2,1
2027-09-30,0,8,8,10,1,3,2,2,0
2027-10-01,0,13,10,4,0,0,3,1,1
2027-10-02,1,3,9,0,0,17,2,1,0
2027-10-03,0,15,12,8,2,1,5,2,2
2027-10-04,0,20,9,15,5,10,3,3,1
2027-10-05,0,13,8,8,2,4,4,0,2
2027-10-06,0,14,11,6,3,9,1,1,1
2027-10-07,0,14,7,9,2,4,0,1,2
2027-10-08,0,10,8,12,3,7,0,3,0
2027-10-09,0,8,4,10,2,3,1,2,1
2027-10-10,0,13,9,11,4,9,1,2,1
2027-10-11,0,15,10,8,2,14,3,2,2
2027-10-12,0,17,13,12,3,7,2,0,2
2027-10-13,0,10,11,4,3,5,3,1,2
2027-10-14,0,8,6,10,3,4,2,2,0
2027-10-15,0,12,8,7,2,3,3,0,1
2027-10-16,0,10,10,8,3,10,3,1,1
2027-10-17,0,13,14,7,5,12,2,2,0
2027-10-18,0,12,12,11,5,6,2,2,1
2027-10-19,0,15,13,9,2,8,0,2,0
2027-10-20,0,12,6,11,3,2,1,1,1
2027-10-21,0,8,7,13,3,0,1,1,0
2027-10-22,0,7,4,12,4,6,1,1,1
2027-10-23,0,12,9,8,3,9,1,1,1
2027-10-24,0,10,8,9,4,11,2,2,1
2027-10-25,0,11,12,14,4,11,2,2,1
2027-10-26,0,18,11,10,4,10,2,1,1
2027-10-27,0,10,12,11,3,10,0,3,1
2027-10-28,0,9,8,11,3,1,2,0,1
2027-10-29,0,10,10,8,2,7,2,0,1
2027-10-30,0,12,9,13,1,8,3,2,2
2027-10-31,0,15,12,9,4,8,3,2,1
2027-11-01,0,16,12,11,2,7,4,2,2
2027-11-02,0,13,13,13,3,13,1,1,1
2027-11-03,0,14,11,7,3,14,2,1,1
2027-11-04,0,7,9,7,2,0,2,2,1
2027-11-05,0,12,9,6,1,9,1,1,1
2027-11-06,0,6,10,8,3,0,1,1,1
2027-11-07,0,20,7,11,5,10,2,2,1
2027-11-08,0,18,14,13,4,7,2,2,1
2027-11-09,0,9,12,14,3,15,2,2,1
2027-11-10,0,10,11,8,2,8,2,2,2
2027-11-11,0,11,10,8,3,8,3,1,1
2027-11-12,0,8,5,11,2,11,1,0,1
2027-11-13,0,14,11,7,2,4,2,0,1
2027-11-14,0,14,13,15,2,5,4,2,1
2027-11-15,0,15,12,10,5,13,3,2,2
2027-11-16,0,12,11,13,2,5,2,2,1
2027-11-17,0,9,6,5,3,5,1,1,1
2027-11-18,0,14,10,5,3,11,2,0,1
2027-11-19,0,7,6,6,2,8,1,1,1
2027-11-20,0,13,8,12,2,9,3,1,1
2027-11-21,0,13,11,9,4,19,5,1,1
2027-11-22,0,16,9,13,3,12,2,2,1
2027-11-23,0,11,10,10,5,5,3,1,1
2027-11-24,0,10,9,5,4,7,3,3,1
2027-11-25,0,12,8,6,2,7,1,1,0
2027-11-26,0,5,13,10,2,10,0,0,0
2027-11-27,0,18,18,9,2,11,3,2,1
2027-11-28,0,16,13,8,2,10,2,1,1
2027-11-29,0,15,8,16,3,11,2,0,1
2027-11-30,0,9,10,8,3,9,2,2,1
2027-12-01,0,10,10,8,1,9,3,2,2
2027-12-02,0,6,9,5,1,7,1,1,0
2027-12-03,0,8,13,8,0,3,0,0,1
2027-12-04,0,15,15,10,3,11,3,2,1
2027-12-05,0,8,14,7,3,8,2,2,1
2027-12-06,0,15,8,14,5,14,1,2,0
2027-12-07,0,16,11,7,3,10,1,2,1
2027-12-08,0,16,12,9,3,7,1,2,0
2027-12-09,0,12,7,9,3,3,3,1,1
2027-12-10,0,9,7,9,3,3,2,1,1
2027-12-11,0,15,11,9,0,6,1,2,0
2027-12-12,0,11,9,8,3,9,3,0,1
2027-12-13,0,20,12,12,3,10,3,2,1
2027-12-14,0,10,11,11,4,6,1,2,1
2027-12-15,0,9,9,10,3,2,3,1,2
2027-12-16,0,14,10,9,5,10,2,1,0
2027-12-17,0,11,7,8,2,7,2,1,1
2027-12-18,0,13,10,11,3,9,2,2,1
2027-12-19,0,13,12,12,2,9,1,2,1
2027-12-20,0,13,16,11,2,9,3,1,1
2027-12-21,0,13,15,13,3,17,4,3,1
2027-12-22,0,13,13,11,3,11,2,2,1
2027-12-23,0,7,8,13,3,6,4,2,1
2027-12-24,0,15,4,11,1,8,2,1,1
2027-12-25,1,7,2,5,3,18,0,1,1
2027-12-26,0,12,11,9,3,9,2,3,0
2027-12-27,0,22,8,9,3,12,3,2,1
2027-12-28,0,17,9,6,3,7,3,1,1
2027-12-29,0,10,8,8,3,7,3,0,2
2027-12-30,0,2,5,6,2,10,1,1,1
2027-12-31,0,7,3,8,3,7,1,2,1
